,userId,movieId,rating,timestamp
0,1,296,5.0,1147880044
1,1,306,3.5,1147868817
2,1,307,5.0,1147868828
3,1,665,5.0,1147878820
4,1,899,3.5,1147868510
5,1,1088,4.0,1147868495
6,1,1175,3.5,1147868826
7,1,1217,3.5,1147878326
8,1,1237,5.0,1147868839
9,1,1250,4.0,1147868414
10,1,1260,3.5,1147877857
11,1,1653,4.0,1147868097
12,1,2011,2.5,1147868079
13,1,2012,2.5,1147868068
14,1,2068,2.5,1147869044
15,1,2161,3.5,1147868609
16,1,2351,4.5,1147877957
17,1,2573,4.0,1147878923
18,1,2632,5.0,1147878248
19,1,2692,5.0,1147869100
20,1,2843,4.5,1147868891
21,1,3448,4.0,1147868480
22,1,3569,5.0,1147879603
23,1,3949,5.0,1147868678
24,1,4144,5.0,1147868898
25,1,4308,3.0,1147868534
26,1,4325,5.0,1147878122
27,1,4422,3.0,1147869048
28,1,4703,4.0,1147869223
29,1,4973,4.5,1147869080
30,1,5147,4.0,1147877654
31,1,5269,0.5,1147879571
32,1,5684,2.0,1147879797
33,1,5767,5.0,1147878729
34,1,5878,4.0,1147868807
35,1,5912,3.0,1147878698
36,1,5952,4.0,1147868053
37,1,6016,5.0,1147869090
38,1,6370,4.5,1147869191
39,1,6377,4.0,1147868469
40,1,6539,3.5,1147868461
41,1,6711,5.0,1147868622
42,1,6954,3.5,1147869150
43,1,7209,4.0,1147877986
44,1,7234,4.5,1147868869
45,1,7318,2.0,1147879850
46,1,7323,3.5,1147869119
47,1,7327,3.5,1147868855
48,1,7361,5.0,1147880055
49,1,7365,4.0,1147869033
50,1,7820,2.5,1147878050
51,1,7937,3.0,1147878055
52,1,7938,2.5,1147878063
53,1,7939,2.5,1147869183
54,1,7940,4.5,1147877967
55,1,8014,3.5,1147869155
56,1,8154,5.0,1147868865
57,1,8327,5.0,1147879375
58,1,8360,4.0,1147868682
59,1,8405,3.5,1147878095
60,1,8685,1.0,1147878023
61,1,8729,3.5,1147878452
62,1,8786,4.0,1147877853
63,1,8873,3.0,1147869094
64,1,8973,4.0,1147869211
65,1,27193,3.0,1147879774
66,1,27266,4.5,1147879365
67,1,27721,3.0,1147869115
68,1,31956,3.5,1147877610
69,1,32591,5.0,1147879538
70,2,1,3.5,1141415820
71,2,62,0.5,1141417130
72,2,110,5.0,1141416589
73,2,150,4.0,1141415790
74,2,151,4.5,1141415643
75,2,236,4.0,1141415659
76,2,260,5.0,1141417172
77,2,261,0.5,1141417855
78,2,266,1.0,1141415926
79,2,318,5.0,1141417181
80,2,333,5.0,1141415931
81,2,349,4.5,1141417045
82,2,356,4.5,1141416637
83,2,364,4.5,1141417077
84,2,380,1.0,1141415808
85,2,457,5.0,1141416618
86,2,480,2.0,1141417088
87,2,497,4.0,1141415566
88,2,524,3.5,1141417112
89,2,527,5.0,1141415816
90,2,534,4.5,1141417814
91,2,553,2.0,1141415539
92,2,588,2.0,1141417189
93,2,589,4.0,1141416748
94,2,653,3.0,1141415552
95,2,733,4.5,1141415905
96,2,858,3.5,1141416926
97,2,914,4.0,1141417642
98,2,953,4.5,1141417487
99,2,1035,1.0,1141415899
100,2,1080,1.0,1141415532
101,2,1136,5.0,1141417950
102,2,1196,5.0,1141417198
103,2,1197,5.0,1141415874
104,2,1198,4.0,1141417032
105,2,1201,2.5,1141415887
106,2,1210,5.0,1141416665
107,2,1246,4.0,1141416793
108,2,1257,5.0,1141417313
109,2,1270,4.0,1141417013
110,2,1271,1.5,1141417736
111,2,1275,4.5,1141417237
112,2,1283,4.0,1141416205
113,2,1287,5.0,1141417140
114,2,1291,5.0,1141416603
115,2,1293,5.0,1141417937
116,2,1299,1.0,1141416220
117,2,1302,3.0,1141417036
118,2,1356,5.0,1141417272
119,2,1374,4.5,1141415576
120,2,1376,5.0,1141417402
121,2,1393,4.0,1141417243
122,2,1431,3.0,1141416190
123,2,1465,3.0,1141417875
124,2,1485,3.0,1141415592
125,2,1488,5.0,1141416185
126,2,1527,3.0,1141417716
127,2,1580,4.5,1141417059
128,2,1584,5.0,1141416806
129,2,1587,1.0,1141416172
130,2,1610,5.0,1141416601
131,2,1653,4.5,1141415586
132,2,1672,4.5,1141417310
133,2,1674,4.0,1141417397
134,2,1682,4.5,1141415845
135,2,1693,4.0,1141417194
136,2,1722,0.5,1141415864
137,2,1873,4.0,1141416788
138,2,1907,4.0,1141417054
139,2,1923,0.5,1141417516
140,2,1957,3.5,1141416148
141,2,1968,1.0,1141415850
142,2,2028,4.0,1141415840
143,2,2081,1.5,1141415857
144,2,2083,4.5,1141417581
145,2,2115,3.5,1141417320
146,2,2138,4.5,1141416899
147,2,2139,4.0,1141416834
148,2,2150,5.0,1141418008
149,2,2194,5.0,1141415685
150,2,2268,4.5,1141416973
151,2,2273,2.0,1141416159
152,2,2294,4.5,1141416879
153,2,2324,1.5,1141417726
154,2,2355,4.5,1141416727
155,2,2359,5.0,1141417423
156,2,2406,2.5,1141415647
157,2,2470,5.0,1141415787
158,2,2496,4.0,1141416084
159,2,2501,4.5,1141416992
160,2,2571,5.0,1141416743
161,2,2617,4.0,1141415674
162,2,2640,5.0,1141415619
163,2,2643,0.5,1141416130
164,2,2694,4.0,1141416108
165,2,2720,0.5,1141416127
166,2,2745,5.0,1141416889
167,2,2761,0.5,1141417472
168,2,2762,4.0,1141415823
169,2,2797,1.0,1141415509
170,2,2918,4.5,1141417214
171,2,2987,0.5,1141417894
172,2,3098,3.0,1141417049
173,2,3105,4.0,1141417224
174,2,3107,3.0,1141416048
175,2,3114,4.5,1141416634
176,2,3148,2.0,1141417561
177,2,3175,3.5,1141417288
178,2,3360,5.0,1141417108
179,2,3396,4.5,1141417711
180,2,3479,2.0,1141416018
181,2,3510,4.0,1141416005
182,2,3578,5.0,1141415803
183,2,3793,5.0,1141416682
184,2,3889,2.5,1141416465
185,2,3916,3.0,1141416027
186,2,3948,3.0,1141415798
187,2,3994,3.0,1141416826
188,2,4016,5.0,1141417302
189,2,4019,3.5,1141416607
190,2,4022,5.0,1141415827
191,2,4023,3.0,1141417651
192,2,4103,4.5,1141417831
193,2,4299,4.5,1141415991
194,2,4306,4.5,1141416668
195,2,4535,3.0,1141417024
196,2,4571,1.5,1141415984
197,2,4720,4.0,1141416850
198,2,4857,1.0,1141415978
199,2,4874,4.5,1141417848
200,2,4886,5.0,1141415669
201,2,4896,5.0,1141416646
202,2,4963,4.0,1141416715
203,2,4993,5.0,1141417201
204,2,4995,5.0,1141416710
205,2,5010,2.0,1141417260
206,2,5103,5.0,1141417118
207,2,5349,5.0,1141416664
208,2,5418,5.0,1141416643
209,2,5445,3.5,1141415632
210,2,5574,3.0,1141416403
211,2,5816,5.0,1141415950
212,2,5952,5.0,1141415528
213,2,5955,4.0,1141417229
214,2,6156,2.0,1141416367
215,2,6157,3.5,1141415970
216,2,6213,2.5,1141416376
217,2,6287,2.0,1141416381
218,2,6311,5.0,1141417263
219,2,6333,5.0,1141416621
220,2,6539,5.0,1141417009
221,2,6565,3.0,1141417018
222,2,6753,3.0,1141416362
223,2,6879,5.0,1141417251
224,2,6947,4.0,1141417529
225,2,7004,2.0,1141416351
226,2,7007,0.5,1141416347
227,2,7075,5.0,1141417136
228,2,7090,2.0,1141417947
229,2,7143,5.0,1141416613
230,2,7153,5.0,1141416779
231,2,7162,0.5,1141417617
232,2,7386,4.0,1141416631
233,2,7624,3.5,1141417410
234,2,8010,5.0,1141417603
235,2,8360,4.0,1141416674
236,2,8368,5.0,1141416671
237,2,8636,5.0,1141416722
238,2,8665,4.0,1141416737
239,2,8958,2.5,1141417439
240,2,8961,4.5,1141415946
241,2,8970,5.0,1141417268
242,2,27821,4.5,1141416326
243,2,30749,5.0,1141417778
244,2,30848,0.5,1141417769
245,2,31923,3.5,1141416839
246,2,33166,0.5,1141417699
247,2,33493,4.5,1141416763
248,2,33660,5.0,1141416970
249,2,33794,5.0,1141416640
250,2,34162,0.5,1141416317
251,2,35836,0.5,1141417449
252,2,36527,3.5,1141417382
253,2,40815,5.0,1141416609
254,3,1,4.0,1439472215
255,3,29,4.5,1484754967
256,3,32,4.5,1439474635
257,3,50,5.0,1439474391
258,3,111,4.0,1484753849
259,3,172,4.0,1439474871
260,3,173,3.0,1439474869
261,3,214,5.0,1484753888
262,3,260,4.0,1439472239
263,3,293,5.0,1484753912
264,3,296,5.0,1439474476
265,3,318,4.0,1439472424
266,3,356,4.0,1439472199
267,3,442,3.5,1439474867
268,3,480,2.0,1439472219
269,3,527,4.0,1439472436
270,3,541,5.0,1439474625
271,3,589,4.0,1439474657
272,3,593,4.0,1439472203
273,3,741,5.0,1484753808
274,3,745,5.0,1439474467
275,3,778,5.0,1484753842
276,3,780,3.5,1439474667
277,3,858,5.0,1439474389
278,3,912,4.5,1439474408
279,3,913,4.0,1439474487
280,3,924,5.0,1439474638
281,3,1089,4.0,1484753654
282,3,1127,3.5,1439474725
283,3,1148,5.0,1439474452
284,3,1196,4.0,1439472427
285,3,1198,3.0,1439472431
286,3,1200,4.0,1439474650
287,3,1201,4.0,1439474517
288,3,1206,4.0,1453904021
289,3,1208,4.0,1453904031
290,3,1210,4.0,1439472442
291,3,1213,5.0,1484754156
292,3,1214,4.0,1439474640
293,3,1217,5.0,1439474455
294,3,1221,5.0,1439474393
295,3,1222,4.0,1484754339
296,3,1240,4.0,1439474652
297,3,1252,5.0,1484753938
298,3,1270,3.5,1439472211
299,3,1274,4.5,1566088819
300,3,1320,3.5,1439474823
301,3,1356,4.0,1439474760
302,3,1527,4.5,1439474632
303,3,1584,4.0,1439474677
304,3,1653,5.0,1439474631
305,3,1676,3.5,1439474766
306,3,1682,4.0,1439475125
307,3,1732,4.5,1566091883
308,3,1748,4.5,1439474697
309,3,1882,2.0,1439475127
310,3,1909,4.0,1439475123
311,3,1960,4.0,1566090766
312,3,2019,5.0,1439474441
313,3,2021,4.0,1566089449
314,3,2105,3.0,1439474763
315,3,2329,5.0,1439474463
316,3,2542,4.5,1484756352
317,3,2571,4.0,1439472221
318,3,2628,4.0,1439474669
319,3,2641,3.0,1439475106
320,3,2858,5.0,1439474474
321,3,2938,4.0,1484754240
322,3,2959,5.0,1439474417
323,3,3091,4.0,1484754262
324,3,3156,4.5,1439474758
325,3,3285,3.0,1439473082
326,3,3300,4.5,1439472928
327,3,3301,4.0,1439472975
328,3,3328,3.5,1484754130
329,3,3408,3.5,1566089773
330,3,3452,3.0,1439473280
331,3,3471,4.0,1439474733
332,3,3484,3.0,1439473859
333,3,3527,4.0,1439474769
334,3,3534,3.0,1439473180
335,3,3535,4.0,1439472877
336,3,3578,4.5,1439472619
337,3,3646,2.0,1439473733
338,3,3702,4.5,1439474992
339,3,3730,4.0,1484754549
340,3,3744,4.0,1439473299
341,3,3745,3.5,1439474994
342,3,3751,4.0,1566089764
343,3,3753,3.0,1439472727
344,3,3755,3.0,1566089804
345,3,3785,3.0,1439472869
346,3,3793,4.0,1439472629
347,3,3798,3.0,1439473012
348,3,3825,2.0,1439473317
349,3,3827,2.5,1439473123
350,3,3863,3.0,1439472882
351,3,3879,3.5,1439474297
352,3,3948,3.0,1566089739
353,3,3968,3.0,1566090300
354,3,3969,4.0,1439473087
355,3,3977,2.5,1566089769
356,3,3979,2.5,1439473505
357,3,3980,4.0,1439473434
358,3,3986,3.5,1566090182
359,3,3988,3.0,1566089944
360,3,3991,2.0,1439474120
361,3,3993,4.5,1439473699
362,3,3994,4.0,1439472741
363,3,3996,4.0,1439472633
364,3,3999,3.0,1439473446
365,3,4011,4.0,1484753766
366,3,4018,3.0,1439472871
367,3,4019,4.0,1439473061
368,3,4022,4.0,1439472692
369,3,4023,4.0,1439473162
370,3,4025,2.5,1439472828
371,3,4027,4.5,1439472670
372,3,4034,4.0,1566089779
373,3,4069,3.0,1566090275
374,3,4148,3.5,1566089865
375,3,4167,3.5,1439474137
376,3,4226,4.0,1439472627
377,3,4232,3.5,1439473334
378,3,4234,3.5,1439474211
379,3,4246,3.0,1439472762
380,3,4262,4.5,1566091872
381,3,4306,4.0,1439472624
382,3,4308,3.0,1439472792
383,3,4340,2.0,1439474202
384,3,4343,3.0,1439473242
385,3,4344,4.0,1453904339
386,3,4366,3.5,1439473740
387,3,4367,3.0,1439472920
388,3,4368,2.0,1439474032
389,3,4369,4.0,1439472989
390,3,4383,4.0,1566089403
391,3,4388,3.0,1439473379
392,3,4447,2.5,1439472860
393,3,4448,4.0,1566090382
394,3,4571,3.0,1439474819
395,3,4643,4.0,1439472888
396,3,4701,3.0,1439473079
397,3,4718,2.5,1566089843
398,3,4776,4.0,1566089836
399,3,4816,3.5,1439472917
400,3,4844,4.0,1439473780
401,3,4866,4.0,1439474237
402,3,4874,3.5,1439473033
403,3,4886,4.0,1439472640
404,3,4887,3.0,1439473813
405,3,4901,4.0,1439473096
406,3,4958,3.5,1566090528
407,3,4963,4.0,1439472648
408,3,4975,3.5,1439474729
409,3,4979,4.0,1439472751
410,3,4992,3.5,1439473536
411,3,4993,4.0,1439472446
412,3,4995,4.0,1439472659
413,3,5004,4.0,1484754133
414,3,5013,4.0,1439473023
415,3,5014,4.0,1439473492
416,3,5108,3.5,1439474091
417,3,5218,4.0,1439472773
418,3,5219,3.5,1439473238
419,3,5225,4.0,1439473200
420,3,5254,3.0,1439473175
421,3,5266,3.5,1566089889
422,3,5291,5.0,1439474459
423,3,5293,3.5,1439473844
424,3,5313,2.5,1566090511
425,3,5349,4.0,1439472655
426,3,5364,3.5,1439474018
427,3,5377,3.0,1439472848
428,3,5378,3.5,1566089728
429,3,5388,3.5,1439473036
430,3,5400,4.0,1439473392
431,3,5418,5.0,1439472664
432,3,5445,3.5,1439472642
433,3,5449,2.5,1439473503
434,3,5459,3.5,1439475011
435,3,5479,3.5,1439474177
436,3,5502,3.0,1439474826
437,3,5507,3.5,1566090153
438,3,5528,3.5,1439473236
439,3,5574,4.0,1566090162
440,3,5630,3.0,1439473148
441,3,5669,3.5,1439472771
442,3,5679,3.0,1439472831
443,3,5782,4.0,1484754375
444,3,5785,2.0,1439473549
445,3,5810,3.5,1566089950
446,3,5816,3.5,1439472711
447,3,5853,3.0,1439475132
448,3,5872,4.0,1439473111
449,3,5900,3.0,1566090983
450,3,5903,4.0,1439472958
451,3,5944,3.5,1439474792
452,3,5945,4.0,1439473098
453,3,5952,4.0,1439472616
454,3,5954,4.5,1566090236
455,3,5956,4.0,1439472976
456,3,5959,4.0,1439474161
457,3,5989,4.0,1566089705
458,3,5991,4.0,1439472890
459,3,6016,4.0,1439472724
460,3,6059,3.5,1439473716
461,3,6155,3.0,1439473383
462,3,6156,3.0,1439473719
463,3,6213,3.0,1439474266
464,3,6281,2.5,1566089962
465,3,6283,4.5,1439473702
466,3,6287,3.0,1439473304
467,3,6323,4.0,1439473218
468,3,6333,4.0,1439474711
469,3,6365,4.0,1566089715
470,3,6373,3.0,1439472840
471,3,6377,4.0,1439472644
472,3,6378,3.0,1439472826
473,3,6383,4.0,1439473360
474,3,6440,4.0,1484754172
475,3,6482,2.0,1439474304
476,3,6502,3.0,1439472812
477,3,6534,3.5,1439473160
478,3,6535,2.0,1439473923
479,3,6537,3.5,1566089810
480,3,6539,4.0,1439472631
481,3,6541,3.5,1439473225
482,3,6548,3.0,1566090343
483,3,6550,3.0,1439473977
484,3,6564,3.5,1439473628
485,3,6586,3.5,1439473791
486,3,6595,3.0,1439473739
487,3,6708,4.0,1566090171
488,3,6711,4.0,1566089746
489,3,6754,4.0,1439473290
490,3,6863,3.0,1439472855
491,3,6870,4.5,1566089815
492,3,6873,3.5,1439473773
493,3,6874,4.5,1439472662
494,3,6879,4.0,1566090547
495,3,6934,4.0,1439472753
496,3,6952,3.5,1439473972
497,3,7090,4.0,1439472968
498,3,7143,2.5,1566089787
499,3,7147,4.5,1439472748
500,3,7149,4.0,1439473643
501,3,7153,4.0,1439472617
502,3,7154,4.0,1439473932
503,3,7163,3.5,1439473766
504,3,7293,3.0,1439473031
505,3,7325,2.0,1439473462
506,3,7346,3.0,1439473881
507,3,7347,4.0,1439473723
508,3,7361,4.5,1439472657
509,3,7373,4.0,1439473075
510,3,7438,4.0,1439472687
511,3,7439,3.5,1439474229
512,3,7445,3.5,1566089938
513,3,7454,3.5,1439473362
514,3,7458,4.0,1439473039
515,3,8360,3.5,1566089759
516,3,8361,2.5,1439473044
517,3,8368,4.0,1439472721
518,3,8370,4.0,1484754297
519,3,8371,4.5,1439473451
520,3,8528,3.0,1484753681
521,3,8529,3.5,1439473120
522,3,8641,4.0,1439473100
523,3,8644,4.0,1439474674
524,3,8665,4.0,1439472715
525,3,8666,3.0,1439474272
526,3,8781,3.5,1439473726
527,3,8783,4.0,1566090061
528,3,8798,3.5,1439472905
529,3,8810,3.0,1439473370
530,3,8861,3.5,1566090480
531,3,8865,4.0,1439473526
532,3,8874,4.0,1439472782
533,3,8958,4.0,1439473330
534,3,8961,4.0,1439472667
535,3,8965,4.0,1439474142
536,3,8969,3.0,1439473896
537,3,8983,4.0,1566090312
538,3,8984,4.0,1439473057
539,3,8985,3.5,1439473892
540,3,27134,4.5,1566089394
541,3,27660,4.0,1566090435
542,3,27706,3.5,1566090256
543,3,27728,5.0,1484754362
544,3,27773,5.0,1484756506
545,3,27793,3.0,1439475078
546,3,27803,4.0,1439474285
547,3,27808,3.0,1439473876
548,3,30707,4.0,1439472844
549,3,30793,3.5,1439472479
550,3,30825,3.5,1439473268
551,3,31184,4.0,1439474794
552,3,31221,3.0,1566091270
553,3,31685,3.0,1439473295
554,3,31696,4.0,1439473266
555,3,31804,4.5,1566089576
556,3,31878,4.0,1566090284
557,3,32587,4.0,1453904048
558,3,33004,4.0,1439473064
559,3,33166,4.0,1439472893
560,3,33493,4.0,1439472757
561,3,33615,4.0,1566089987
562,3,33679,3.0,1439472505
563,3,33794,4.0,1439472682
564,3,34048,3.0,1453904085
565,3,34150,3.5,1439473337
566,3,34162,3.0,1439472494
567,3,34319,3.5,1439473276
568,3,34405,4.0,1439474649
569,3,34437,4.0,1453904174
570,3,35836,3.0,1453904088
571,3,36519,4.0,1439474159
572,3,36529,4.0,1453904094
573,3,37386,4.0,1439474727
574,3,37727,3.0,1439474146
575,3,37729,4.0,1439475232
576,3,37741,4.5,1439473464
577,3,39435,3.0,1566091231
578,3,40583,4.0,1453904175
579,3,40815,4.0,1453904062
580,3,40819,4.0,1439473007
581,3,41566,4.0,1439472491
582,3,41569,3.0,1453904104
583,3,42738,4.0,1439473942
584,3,43928,2.5,1439474784
585,3,44022,4.0,1439473713
586,3,44191,4.0,1453904046
587,3,45186,3.5,1453904145
588,3,45447,3.5,1439473102
589,3,45499,4.0,1439473006
590,3,45501,3.0,1439474308
591,3,45517,4.0,1453904123
592,3,45666,3.0,1566091191
593,3,45672,3.0,1439473805
594,3,45722,4.0,1453904066
595,3,46335,3.5,1566090886
596,3,46578,4.0,1439472759
597,3,46965,3.0,1439474080
598,3,46970,3.5,1439473787
599,3,46972,3.0,1439473636
600,3,47200,4.0,1439473948
601,3,47610,4.0,1453904083
602,3,48385,3.5,1453904077
603,3,48394,4.5,1439472775
604,3,48516,5.0,1439474526
605,3,48738,4.0,1439473315
606,3,48774,4.0,1439472857
607,3,48780,4.0,1439472814
608,3,49272,4.0,1439472745
609,3,49274,4.0,1439474108
610,3,49278,3.5,1439473651
611,3,49530,3.5,1439472498
612,3,49822,4.0,1566091372
613,3,50068,4.0,1439473810
614,3,50872,4.0,1439472823
615,3,51255,4.0,1439472961
616,3,51662,4.0,1453904054
617,3,51935,4.0,1439473890
618,3,52604,4.0,1439474122
619,3,52722,3.5,1439475230
620,3,52950,4.5,1566089429
621,3,53121,3.5,1439473816
622,3,53125,4.0,1453904101
623,3,53129,4.0,1566091034
624,3,53464,3.5,1566089216
625,3,53972,4.0,1439473311
626,3,53996,4.0,1439473053
627,3,54001,4.0,1439473020
628,3,54286,4.0,1439472789
629,3,54503,3.5,1439472503
630,3,54648,3.0,1566091214
631,3,54997,4.0,1439473187
632,3,55232,4.0,1439474288
633,3,55765,4.0,1453904108
634,3,55805,4.0,1566091482
635,3,55820,5.0,1453904059
636,3,56145,3.0,1439474950
637,3,56156,3.0,1566091337
638,3,56171,4.5,1439474030
639,3,56174,3.5,1439472982
640,3,56587,4.0,1439474046
641,3,56782,4.5,1439473117
642,3,56949,3.0,1566089225
643,3,57368,2.5,1439474739
644,3,57528,3.0,1566090711
645,3,57640,4.0,1439473803
646,3,57669,3.0,1566089850
647,3,58025,3.0,1439473902
648,3,58559,5.0,1439472439
649,3,59315,4.0,1439472744
650,3,59369,3.0,1439473149
651,3,59501,3.5,1566090550
652,3,59615,3.0,1453904126
653,3,59784,4.0,1453904111
654,3,59900,3.0,1566090909
655,3,60040,3.0,1453904151
656,3,60069,4.0,1439472729
657,3,60072,3.5,1439473704
658,3,60074,4.0,1439473455
659,3,60126,3.0,1439474081
660,3,60684,4.5,1439474658
661,3,60756,3.5,1439474134
662,3,60760,3.0,1484756308
663,3,61132,3.0,1439473427
664,3,61160,4.0,1439474953
665,3,61248,2.5,1566091265
666,3,61323,4.0,1439473297
667,3,61350,3.0,1484756298
668,3,62849,4.0,1439474270
669,3,62999,3.5,1566090989
670,3,63062,4.0,1439474018
671,3,63072,4.0,1439474189
672,3,63113,4.0,1439473453
673,3,63859,4.0,1439474068
674,3,63876,4.0,1439473681
675,3,64030,3.5,1566091323
676,3,64614,4.0,1439472990
677,3,64839,3.5,1439473321
678,3,64957,4.0,1439473193
679,3,65514,4.0,1566090675
680,3,65682,4.0,1484756266
681,3,66097,4.0,1439473449
682,3,67255,4.5,1439473521
683,3,67923,3.5,1566090925
684,3,68157,4.0,1492785553
685,3,68319,4.0,1439473489
686,3,68358,4.0,1439474645
687,3,68554,4.0,1439473940
688,3,68791,3.5,1439473854
689,3,68793,3.0,1566090992
690,3,68952,2.5,1566091084
691,3,69122,4.0,1492785560
692,3,69481,3.5,1439473287
693,3,69526,4.0,1439473894
694,3,69640,4.0,1439474355
695,3,69844,3.5,1492785566
696,3,70286,4.0,1439472874
697,3,70293,4.0,1439474282
698,3,70305,3.0,1439474964
699,3,70336,3.0,1566091169
700,3,71057,4.5,1439474167
701,3,71156,4.0,1566090961
702,3,71464,4.0,1566090940
703,3,71530,3.5,1484756216
704,3,71535,4.0,1439473050
705,3,72011,4.0,1439473373
706,3,72209,3.0,1484756196
707,3,72378,2.5,1439473678
708,3,72641,4.0,1439473760
709,3,72701,3.0,1484756182
710,3,72998,4.0,1439474623
711,3,73017,3.0,1439473025
712,3,73268,4.0,1439475098
713,3,73321,4.0,1439473925
714,3,73323,4.0,1566091399
715,3,74458,4.0,1492785558
716,3,74789,4.0,1566089982
717,3,76077,2.0,1484756109
718,3,76093,4.0,1439473084
719,3,76251,4.0,1566089828
720,3,77561,4.0,1439473240
721,3,78469,3.0,1439474257
722,3,78499,4.0,1439473014
723,3,79091,4.0,1566091612
724,3,79132,5.0,1439474473
725,3,79224,2.0,1566091314
726,3,79293,4.0,1439474106
727,3,79695,3.0,1439474170
728,3,80363,3.0,1484756077
729,3,80463,4.0,1492785561
730,3,81229,4.0,1439474063
731,3,81537,3.0,1566091015
732,3,81564,4.0,1566090249
733,3,81591,5.0,1492785564
734,3,81834,3.5,1566091630
735,3,81845,4.0,1439473018
736,3,82095,2.0,1484756055
737,3,82202,3.0,1566091203
738,3,82461,4.0,1439473967
739,3,83349,3.0,1566091304
740,3,83613,3.5,1484755918
741,3,84152,4.0,1439474974
742,3,84772,3.5,1484755988
743,3,84954,4.0,1439473986
744,3,85020,3.0,1566091288
745,3,85056,3.5,1439474798
746,3,85131,2.5,1484755983
747,3,85261,3.0,1439474979
748,3,85414,4.0,1439473366
749,3,86332,4.0,1439473515
750,3,86644,3.5,1566090894
751,3,86880,4.0,1439474219
752,3,86911,3.5,1566090431
753,3,87232,4.0,1439473307
754,3,87306,3.5,1439474716
755,3,87430,3.0,1484755925
756,3,87520,3.0,1484755929
757,3,87876,3.5,1566091557
758,3,88125,3.5,1566091623
759,3,88140,3.5,1566089895
760,3,88405,3.0,1566090571
761,3,88744,4.0,1439474749
762,3,89492,4.0,1439473754
763,3,89745,4.0,1439473055
764,3,89753,4.0,1566091047
765,3,90249,3.5,1484755890
766,3,90866,3.5,1566090425
767,3,91500,3.5,1439473292
768,3,91529,4.0,1492785556
769,3,91542,4.0,1439473626
770,3,91630,4.0,1439473878
771,3,91658,4.0,1439473657
772,3,91974,3.5,1566091471
773,3,91976,3.0,1566091393
774,3,93363,4.0,1439474752
775,3,93805,3.5,1439475044
776,3,94018,2.5,1566091565
777,3,94677,3.5,1566090808
778,3,94777,3.5,1484755847
779,3,94864,4.0,1439473782
780,3,95441,3.5,1566090243
781,3,95510,4.0,1439473862
782,3,95875,4.0,1439474743
783,3,96079,3.5,1566090771
784,3,96610,4.0,1439473476
785,3,96691,3.0,1484755826
786,3,96737,4.0,1439474741
787,3,96861,3.0,1566091238
788,3,97225,3.5,1566091099
789,3,97306,4.0,1566090643
790,3,97921,3.5,1439473672
791,3,97923,3.5,1566090836
792,3,98809,4.0,1439473424
793,3,99112,3.5,1566090601
794,3,99114,4.0,1439473077
795,3,101864,4.0,1439474698
796,3,102125,4.0,1439474937
797,3,102407,4.0,1566090339
798,3,102445,4.0,1439473797
799,3,102686,3.0,1566091223
800,3,102716,3.5,1566091140
801,3,102880,3.0,1439474833
802,3,102903,3.5,1566090082
803,3,103075,3.0,1484755745
804,3,103141,3.5,1566090405
805,3,103228,3.0,1484755717
806,3,103249,3.5,1484755741
807,3,103253,4.0,1484755690
808,3,103384,3.5,1566091437
809,3,103772,3.5,1484755711
810,3,103810,3.5,1566091363
811,3,104241,3.5,1566091157
812,3,104243,4.5,1439474932
813,3,104841,4.0,1439473499
814,3,105213,3.0,1566091330
815,3,106002,4.0,1439475028
816,3,106072,4.0,1439474862
817,3,106100,4.0,1439474311
818,3,106487,3.0,1439473752
819,3,106489,3.5,1566091626
820,3,106782,4.5,1439473659
821,3,106920,4.0,1439473802
822,3,107348,3.5,1566091355
823,3,107406,4.0,1439475030
824,3,108190,3.5,1439474855
825,3,108932,4.0,1439474156
826,3,108945,3.0,1484755649
827,3,109374,4.0,1439473513
828,3,109487,4.0,1439472517
829,3,109578,3.0,1566091544
830,3,110102,4.0,1439474044
831,3,110407,3.5,1484755755
832,3,110730,4.0,1484755610
833,3,111113,2.5,1566091177
834,3,111360,4.0,1439474812
835,3,111362,4.0,1439473863
836,3,111443,3.5,1566091528
837,3,111659,4.0,1566090561
838,3,111759,4.0,1439474679
839,3,112138,3.0,1566090496
840,3,112171,3.5,1566090905
841,3,112370,3.0,1484755583
842,3,112552,5.0,1439472513
843,3,112556,5.0,1439473517
844,3,112623,4.0,1439474706
845,3,112852,4.0,1439473443
846,3,113345,4.0,1484755473
847,3,114180,3.5,1484755546
848,3,114847,4.0,1484755521
849,3,114935,4.0,1439474810
850,3,115569,4.0,1439475246
851,3,115617,4.0,1439474050
852,3,115713,4.5,1439474672
853,3,116797,4.0,1439472522
854,3,116823,3.5,1484755513
855,3,116897,4.0,1439472527
856,3,117529,3.0,1439474808
857,3,117533,4.0,1439475246
858,3,120466,3.5,1439474805
859,3,122882,3.5,1439472530
860,3,122886,3.0,1453904205
861,3,122892,3.5,1484755456
862,3,122896,3.5,1566091420
863,3,122900,4.0,1439475256
864,3,122906,4.0,1566090558
865,3,122912,3.5,1566090093
866,3,122914,3.5,1566089245
867,3,122918,4.0,1566090124
868,3,122920,3.5,1484755287
869,3,122922,4.0,1566090131
870,3,122924,3.5,1484755275
871,3,129354,3.0,1566091187
872,3,130490,3.5,1484755437
873,3,130634,3.0,1566091000
874,3,132046,3.0,1439474829
875,3,134130,4.0,1453904195
876,3,134853,4.0,1439472519
877,3,135133,3.5,1484755332
878,3,135143,3.5,1566090422
879,3,135536,3.5,1566090614
880,3,135569,3.5,1566090688
881,3,136020,3.5,1566090542
882,3,136449,5.0,1484753762
883,3,136469,4.0,1484753902
884,3,136864,3.5,1566090707
885,3,139385,4.0,1566089976
886,3,139644,4.0,1566090410
887,3,140956,3.5,1566091089
888,3,142509,3.5,1484755362
889,3,143385,4.0,1566090484
890,3,148626,4.0,1566089954
891,3,148855,4.0,1484755411
892,3,149406,4.0,1566091409
893,3,151763,4.0,1484754009
894,3,158238,3.0,1566090579
895,3,158966,3.5,1566091277
896,3,159093,3.5,1566090889
897,3,164179,4.0,1492785585
898,3,166528,4.0,1484755225
899,3,166635,3.5,1566090610
900,3,168252,4.0,1492785586
901,3,168612,4.0,1566091441
902,3,171763,3.5,1566090464
903,3,175197,3.5,1566089493
904,3,176101,3.5,1566091359
905,3,176371,4.5,1566090291
906,3,179819,3.5,1566090591
907,3,182823,3.0,1566089510
908,3,187541,3.5,1566090693
909,3,187593,4.5,1566090414
910,4,1,3.0,1573944252
911,4,260,3.5,1573938415
912,4,296,4.0,1573938898
913,4,541,4.5,1573944303
914,4,589,4.0,1573939042
915,4,780,2.0,1573938243
916,4,924,4.0,1573942880
917,4,1036,4.0,1573941169
918,4,1080,3.5,1573944005
919,4,1136,4.5,1574195101
920,4,1196,4.0,1573938701
921,4,1197,4.5,1573945628
922,4,1198,4.0,1573938665
923,4,1200,3.5,1573944311
924,4,1201,3.5,1573943306
925,4,1210,3.0,1573938225
926,4,1214,2.5,1573938290
927,4,1220,4.0,1573939087
928,4,1265,4.0,1573943155
929,4,1270,2.5,1573944225
930,4,1278,4.0,1573944001
931,4,1288,3.5,1573944208
932,4,1291,4.0,1573938377
933,4,1527,3.5,1573938987
934,4,1580,4.5,1573938142
935,4,1610,3.5,1573938232
936,4,1732,4.5,1573943590
937,4,1907,4.0,1573938543
938,4,2019,4.0,1573943852
939,4,2028,4.5,1573938324
940,4,2115,3.0,1573944458
941,4,2571,4.5,1573938619
942,4,2716,4.0,1573944417
943,4,2791,4.0,1573944204
944,4,2918,3.5,1573943873
945,4,2951,3.5,1573944499
946,4,2985,4.0,1573938361
947,4,2993,3.5,1573943471
948,4,3033,3.0,1573944542
949,4,3039,3.5,1573944424
950,4,3114,3.0,1573944042
951,4,3175,4.0,1573943913
952,4,3624,2.5,1573941619
953,4,3671,4.0,1573944199
954,4,3681,3.5,1573943380
955,4,3751,3.5,1573941468
956,4,3793,1.5,1574194789
957,4,3827,3.0,1573940152
958,4,4308,3.5,1573939273
959,4,4709,2.0,1573942459
960,4,4816,4.0,1573939764
961,4,4886,3.5,1573939580
962,4,4963,4.5,1573945093
963,4,4974,4.0,1573941070
964,4,4993,4.5,1573938123
965,4,5110,4.5,1573940375
966,4,5219,2.0,1573939998
967,4,5299,2.5,1573941522
968,4,5418,3.5,1573939209
969,4,5444,4.0,1573938155
970,4,5618,5.0,1573938433
971,4,5903,4.0,1573939792
972,4,5952,4.5,1574193472
973,4,6156,3.0,1573940406
974,4,6377,3.0,1573939584
975,4,6539,4.0,1573938182
976,4,6550,3.5,1573941088
977,4,6863,4.0,1573941487
978,4,6874,4.5,1573938218
979,4,6947,4.0,1573939919
980,4,7143,3.5,1573939012
981,4,7153,4.0,1573938166
982,4,7324,3.0,1573940718
983,4,7373,4.0,1573939831
984,4,7438,3.5,1573938236
985,4,7451,4.0,1573941101
986,4,7569,3.5,1573943431
987,4,8641,4.0,1573939030
988,4,8665,3.5,1573937834
989,4,8874,4.0,1573938641
990,4,8914,4.0,1573939325
991,4,8961,5.0,1573938092
992,4,33794,3.5,1573938201
993,4,34048,2.5,1573939788
994,4,34405,3.5,1573938275
995,4,38038,3.5,1573938552
996,4,44191,2.5,1573938911
997,4,44193,3.0,1573940754
998,4,44665,5.0,1573938628
999,4,45431,2.0,1573940488
1000,4,45517,2.5,1573939887
1001,4,45722,3.5,1573939645
1002,4,46948,2.5,1573940806
1003,4,46972,3.5,1573942264
1004,4,48780,5.0,1573938502
1005,4,48982,3.0,1573940905
1006,4,49272,3.5,1573938085
1007,4,49396,3.5,1573941006
1008,4,49649,1.0,1573940734
1009,4,50601,1.5,1573940778
1010,4,50872,4.5,1573938215
1011,4,51255,4.5,1573937675
1012,4,51935,2.5,1573940266
1013,4,53125,4.5,1573939736
1014,4,53956,4.5,1574038724
1015,4,54286,3.5,1573938382
1016,4,54881,3.5,1573940878
1017,4,57669,4.5,1573938205
1018,4,58559,4.5,1573938509
1019,4,59615,1.5,1573939908
1020,4,60069,4.0,1573938516
1021,4,61132,4.0,1573939973
1022,4,63859,1.5,1573941400
1023,4,68157,3.5,1573938058
1024,4,68954,4.5,1573938210
1025,4,69122,3.5,1573937979
1026,4,69526,1.5,1573940301
1027,4,70286,4.5,1573938625
1028,4,71057,5.0,1573940503
1029,4,71264,1.0,1573940451
1030,4,72226,4.0,1573938863
1031,4,72998,2.5,1573939601
1032,4,73017,3.5,1573939263
1033,4,74458,5.0,1573938151
1034,4,74530,0.5,1573937414
1035,4,76093,2.0,1573938675
1036,4,76175,1.5,1573937368
1037,4,77561,1.0,1574194685
1038,4,77866,2.0,1573937361
1039,4,78893,0.5,1573937500
1040,4,79091,3.5,1573941611
1041,4,79132,4.5,1573938448
1042,4,79185,2.5,1573937384
1043,4,79695,2.0,1573940413
1044,4,79702,4.5,1573937671
1045,4,81229,3.0,1573940186
1046,4,81564,3.5,1573940174
1047,4,81834,1.0,1573939673
1048,4,82461,2.5,1573937190
1049,4,83134,4.5,1573937827
1050,4,83613,0.5,1573937351
1051,4,85414,4.0,1573939807
1052,4,86332,2.0,1573941635
1053,4,86345,4.0,1573937451
1054,4,86880,1.5,1573940161
1055,4,87306,3.0,1573937220
1056,4,87430,1.0,1573937327
1057,4,87520,1.0,1573937315
1058,4,88125,1.0,1573939694
1059,4,88140,2.5,1573941659
1060,4,89745,2.5,1573939622
1061,4,90866,2.5,1573937246
1062,4,91485,2.5,1573937395
1063,4,91529,4.5,1573938396
1064,4,91542,3.0,1573939844
1065,4,91630,3.5,1573937103
1066,4,93363,2.5,1574194710
1067,4,93510,4.0,1573937096
1068,4,93838,4.0,1573937402
1069,4,93840,4.5,1573937111
1070,4,94864,0.5,1573939936
1071,4,96079,2.5,1573942735
1072,4,96110,1.0,1573944447
1073,4,96610,3.5,1573939064
1074,4,96737,4.5,1573937270
1075,4,97304,2.0,1573938048
1076,4,97913,3.5,1573937091
1077,4,98809,2.5,1573939755
1078,4,99112,3.5,1573937303
1079,4,99114,4.0,1573938148
1080,4,101864,3.5,1573937175
1081,4,102125,1.5,1573941675
1082,4,102445,3.0,1573939955
1083,4,103228,4.0,1573937199
1084,4,103249,2.0,1573937162
1085,4,103253,3.0,1573940196
1086,4,103341,3.5,1573938102
1087,4,103384,2.0,1573940986
1088,4,103772,2.0,1573937289
1089,4,104841,1.0,1573939712
1090,4,106002,1.0,1573937251
1091,4,106489,1.5,1573941682
1092,4,106916,3.0,1573940316
1093,4,107406,5.0,1573937228
1094,4,108932,3.5,1573938110
1095,4,108945,1.5,1573940896
1096,4,109374,4.5,1573938458
1097,4,109487,5.0,1573938054
1098,4,110102,3.5,1573939857
1099,4,111360,1.5,1573940217
1100,4,111759,4.0,1573945672
1101,4,111781,3.5,1573941267
1102,4,112138,4.0,1573944672
1103,4,112552,4.5,1573938807
1104,4,112852,3.0,1573939247
1105,4,115122,4.0,1573940649
1106,4,115149,4.0,1573937663
1107,4,115569,5.0,1573938464
1108,4,115617,3.5,1573938342
1109,4,115713,5.0,1573938441
1110,4,116823,2.0,1573940021
1111,4,119145,4.5,1573939001
1112,4,122882,5.0,1573937584
1113,4,122886,2.0,1573938010
1114,4,122904,3.5,1573939663
1115,4,122912,0.5,1574194361
1116,4,122914,3.0,1573937132
1117,4,122918,3.0,1573942212
1118,4,127098,4.0,1573946331
1119,4,134130,4.0,1573938028
1120,4,136020,3.0,1573940464
1121,4,138036,4.5,1573940477
1122,4,139385,5.0,1573938504
1123,4,139644,5.0,1574106232
1124,4,142115,4.0,1573946236
1125,4,148426,2.0,1573942955
1126,4,148626,4.0,1573938893
1127,4,152081,4.5,1573941094
1128,4,156706,3.5,1574039791
1129,4,159817,5.0,1573940908
1130,4,164179,5.0,1573938043
1131,4,166528,4.0,1573937658
1132,4,168248,4.5,1573937841
1133,4,168612,3.5,1573943098
1134,4,171011,5.0,1573946217
1135,4,171763,4.5,1573938131
1136,4,173145,2.5,1573941377
1137,4,174055,5.0,1573938041
1138,4,176101,3.0,1573944677
1139,4,176371,4.5,1573938437
1140,4,179401,3.5,1573940927
1141,4,179819,2.5,1573940494
1142,4,180989,3.0,1573946191
1143,4,182715,4.5,1573943272
1144,4,187541,3.5,1573945496
1145,4,187593,3.5,1573937998
1146,4,189333,4.0,1573941041
1147,4,195159,5.0,1573937123
1148,4,200818,5.0,1573939483
1149,4,200838,3.0,1573939524
1150,4,203375,4.5,1573939316
1151,4,203519,2.5,1573945484
1152,5,1,4.0,858625949
1153,5,19,4.0,830786345
1154,5,32,5.0,830786277
1155,5,36,5.0,830786409
1156,5,39,2.0,858627955
1157,5,47,5.0,833146729
1158,5,50,5.0,831900118
1159,5,88,4.0,858625904
1160,5,95,3.0,858627936
1161,5,104,4.0,830786640
1162,5,113,3.0,858626008
1163,5,122,3.0,830786631
1164,5,141,5.0,858625837
1165,5,147,5.0,830786700
1166,5,150,5.0,830786155
1167,5,153,3.0,830786193
1168,5,170,4.0,858627599
1169,5,191,2.0,830786765
1170,5,216,4.0,830786541
1171,5,218,3.0,830786491
1172,5,219,3.0,830788219
1173,5,224,4.0,830786425
1174,5,231,4.0,830786244
1175,5,235,3.0,830786380
1176,5,238,2.0,830786777
1177,5,248,2.0,830786569
1178,5,253,4.0,830786263
1179,5,260,5.0,858625863
1180,5,267,2.0,830786608
1181,5,277,3.0,858627645
1182,5,288,4.0,830786277
1183,5,292,5.0,830786263
1184,5,296,4.0,830786155
1185,5,300,3.0,830786263
1186,5,312,3.0,858628294
1187,5,333,4.0,830786478
1188,5,337,5.0,830786345
1189,5,340,5.0,830786668
1190,5,342,3.0,858628173
1191,5,344,4.0,830786193
1192,5,350,5.0,831900487
1193,5,356,4.0,833146744
1194,5,364,4.0,831900357
1195,5,372,4.0,833146785
1196,5,416,3.0,830786657
1197,5,432,3.0,830786317
1198,5,435,2.0,830786363
1199,5,440,3.0,831900153
1200,5,441,4.0,858628093
1201,5,457,5.0,831900450
1202,5,477,4.0,830786530
1203,5,487,3.0,858628282
1204,5,491,3.0,858626883
1205,5,500,4.0,858628038
1206,5,524,3.0,833146785
1207,5,542,4.0,858628216
1208,5,553,3.0,830786394
1209,5,588,4.0,830786193
1210,5,590,3.0,830786155
1211,5,592,3.0,830786155
1212,5,593,5.0,831900433
1213,5,595,3.0,830786221
1214,5,608,3.0,858626008
1215,5,628,5.0,830786711
1216,5,671,5.0,858625838
1217,5,733,5.0,858625837
1218,5,736,3.0,858626232
1219,5,778,5.0,858625837
1220,5,780,4.0,858625917
1221,5,784,2.0,835334972
1222,5,786,2.0,858625935
1223,5,788,3.0,858625917
1224,5,802,5.0,858625986
1225,5,839,3.0,858626023
1226,5,1016,3.0,858628421
1227,5,1035,4.0,858626711
1228,5,1042,4.0,858625793
1229,5,1047,3.0,858625875
1230,5,1061,5.0,858626644
1231,5,1073,3.0,858625891
1232,5,1093,3.0,858626941
1233,5,1097,3.0,858626908
1234,5,1120,4.0,858625863
1235,5,1194,3.0,858628191
1236,5,1196,5.0,858626686
1237,5,1197,3.0,858628023
1238,5,1210,5.0,858625793
1239,5,1234,5.0,858628056
1240,5,1235,4.0,858628093
1241,5,1246,5.0,858626807
1242,5,1265,4.0,858628160
1243,5,1270,3.0,858628106
1244,5,1271,4.0,858626908
1245,5,1290,3.0,858627572
1246,5,1291,4.0,858628038
1247,5,1302,4.0,858627548
1248,5,1344,3.0,858627572
1249,5,1357,5.0,858625863
1250,5,1380,4.0,858628216
1251,5,1407,5.0,858625891
1252,5,1409,4.0,858626107
1253,6,161,2.0,945141530
1254,6,260,5.0,945142152
1255,6,318,5.0,945142558
1256,6,527,5.0,945142152
1257,6,593,4.0,945142787
1258,6,608,5.0,945142787
1259,6,858,5.0,945141827
1260,6,902,4.0,945141564
1261,6,912,4.0,945143358
1262,6,913,4.0,945143358
1263,6,919,5.0,945143419
1264,6,924,4.0,945143285
1265,6,1097,4.0,945143564
1266,6,1183,2.0,945141941
1267,6,1196,5.0,945142872
1268,6,1198,5.0,945143358
1269,6,1203,5.0,945142872
1270,6,1213,5.0,945142949
1271,6,1466,3.0,945141530
1272,6,1704,5.0,945141942
1273,6,1951,4.0,945143419
1274,6,2028,3.0,945142872
1275,6,2396,4.0,945144163
1276,6,2421,3.0,945141530
1277,6,2815,3.0,945141827
1278,6,2858,5.0,945142872
1279,7,10,3.0,835444813
1280,7,17,4.0,835444942
1281,7,28,4.0,835444989
1282,7,58,5.0,835444970
1283,7,150,4.0,835444730
1284,7,153,3.0,835444767
1285,7,165,3.0,835444767
1286,7,185,3.0,835444841
1287,7,232,4.0,835444970
1288,7,265,4.0,835444989
1289,7,288,3.0,835444864
1290,7,296,4.0,835444730
1291,7,306,5.0,835444970
1292,7,307,4.0,835445009
1293,7,308,4.0,835445009
1294,7,329,3.0,835444792
1295,7,344,2.0,835444767
1296,7,410,3.0,835444864
1297,7,457,3.0,835444841
1298,7,527,5.0,835444989
1299,7,588,4.0,835444767
1300,7,590,3.0,835444730
1301,7,592,3.0,835444730
1302,7,593,4.0,835444841
1303,7,595,4.0,835444792
1304,8,1,4.0,890492517
1305,8,3,4.0,890492906
1306,8,6,3.0,890489713
1307,8,7,1.0,890492414
1308,8,10,4.0,890490169
1309,8,11,3.0,890493105
1310,8,16,4.0,890489673
1311,8,18,4.0,890509709
1312,8,21,3.0,890489970
1313,8,25,3.0,890510270
1314,8,27,3.0,890509664
1315,8,32,3.0,890489481
1316,8,39,3.0,890492984
1317,8,47,5.0,890489560
1318,8,50,4.0,890489650
1319,8,62,4.0,890490090
1320,8,69,5.0,890510793
1321,8,95,4.0,890510889
1322,8,103,2.0,890510793
1323,8,104,5.0,890492474
1324,8,110,5.0,890489328
1325,8,112,5.0,890492364
1326,8,125,3.0,890490150
1327,8,145,5.0,890490199
1328,8,150,2.0,890492931
1329,8,161,5.0,890489825
1330,8,163,4.0,890493007
1331,8,165,5.0,890509586
1332,8,180,4.0,890493105
1333,8,198,5.0,890490110
1334,8,201,1.0,890489591
1335,8,207,2.0,890490150
1336,8,209,4.0,891279691
1337,8,223,2.0,890489809
1338,8,225,2.0,890489928
1339,8,237,4.0,890510417
1340,8,253,4.0,890490128
1341,8,260,3.0,890489513
1342,8,290,4.0,890489876
1343,8,292,5.0,890510435
1344,8,296,5.0,890489713
1345,8,316,2.0,890492967
1346,8,318,1.0,890489849
1347,8,325,3.0,890511598
1348,8,333,5.0,890490069
1349,8,344,5.0,890510340
1350,8,356,5.0,890489591
1351,8,358,4.0,890489996
1352,8,364,4.0,890489482
1353,8,377,5.0,890489615
1354,8,380,5.0,890489895
1355,8,428,4.0,890492906
1356,8,440,4.0,890511598
1357,8,442,3.0,890492414
1358,8,454,5.0,890489560
1359,8,457,5.0,890508237
1360,8,474,4.0,890490199
1361,8,480,3.0,890490169
1362,8,490,4.0,890510417
1363,8,494,3.0,890510394
1364,8,511,4.0,890489482
1365,8,524,4.0,890492967
1366,8,551,2.0,890489295
1367,8,553,2.0,890490150
1368,8,575,4.0,890492906
1369,8,588,5.0,890492517
1370,8,589,4.0,890489411
1371,8,590,3.0,890490020
1372,8,593,4.0,890490090
1373,8,594,2.0,891279691
1374,8,595,2.0,890489432
1375,8,608,4.0,890489560
1376,8,628,4.0,890509729
1377,8,648,5.0,890490069
1378,8,708,2.0,890492474
1379,8,725,3.0,891279691
1380,8,733,4.0,890489454
1381,8,750,4.0,890489895
1382,8,780,2.0,890490069
1383,8,785,4.0,890510270
1384,8,786,5.0,890490020
1385,8,799,4.0,890510920
1386,8,805,3.0,890510417
1387,8,875,4.0,890489513
1388,8,903,4.0,890489328
1389,8,904,4.0,890509085
1390,8,923,3.0,890489615
1391,8,924,5.0,890510212
1392,8,953,4.0,890489615
1393,8,1012,3.0,890510251
1394,8,1020,4.0,890510394
1395,8,1022,4.0,890510340
1396,8,1029,3.0,890492517
1397,8,1032,3.0,890510228
1398,8,1036,4.0,890489615
1399,8,1047,3.0,890489996
1400,8,1049,2.0,890489536
1401,8,1092,5.0,890492967
1402,8,1101,3.0,890510825
1403,8,1127,4.0,890489849
1404,8,1129,2.0,890492906
1405,8,1196,3.0,890489536
1406,8,1198,3.0,890489693
1407,8,1200,3.0,890489713
1408,8,1203,4.0,890490199
1409,8,1207,2.0,890489481
1410,8,1210,3.0,890490044
1411,8,1213,4.0,890489770
1412,8,1214,4.0,890489536
1413,8,1220,4.0,890492364
1414,8,1222,3.0,890489383
1415,8,1240,2.0,890489591
1416,8,1242,5.0,890489650
1417,8,1258,5.0,890489996
1418,8,1259,4.0,890510358
1419,8,1265,4.0,890489673
1420,8,1270,4.0,890489513
1421,8,1282,2.0,890493066
1422,8,1283,3.0,890489947
1423,8,1287,1.0,890492311
1424,8,1358,4.0,890489454
1425,8,1370,4.0,890509586
1426,8,1385,5.0,890510358
1427,8,1391,4.0,890510340
1428,8,1393,4.0,890489970
1429,8,1407,5.0,890489928
1430,8,1409,3.0,890510251
1431,8,1429,3.0,890510291
1432,8,1438,4.0,890511503
1433,8,1440,2.0,890489970
1434,8,1479,3.0,890511034
1435,8,1485,5.0,890511034
1436,8,1527,4.0,890510935
1437,8,1552,5.0,890510904
1438,8,1573,5.0,890510889
1439,8,1580,5.0,890510873
1440,8,1584,4.0,890510920
1441,8,1597,4.0,890511034
1442,8,1600,3.0,890511485
1443,8,1603,2.0,890511446
1444,8,1614,3.0,890511082
1445,8,1616,2.0,890511034
1446,8,1617,5.0,890489203
1447,8,1625,2.0,890510977
1448,8,1645,4.0,890510977
1449,8,1653,2.0,890510977
1450,8,1672,4.0,890489203
1451,8,1704,4.0,890489263
1452,8,1717,3.0,890511034
1453,8,1721,4.0,890489263
1454,8,1722,3.0,890510977
1455,8,1729,5.0,890510994
1456,8,1747,4.0,890511061
1457,8,1777,3.0,890489236
1458,8,1783,3.0,890511503
1459,9,2,5.0,859383142
1460,9,10,5.0,859383403
1461,9,34,3.0,859383102
1462,9,39,3.0,859383520
1463,9,61,4.0,859382231
1464,9,105,4.0,859384701
1465,9,116,5.0,859382367
1466,9,150,4.0,859384328
1467,9,158,4.0,859383351
1468,9,161,5.0,859382967
1469,9,165,4.0,859383068
1470,9,168,5.0,859383520
1471,9,225,5.0,859384328
1472,9,256,5.0,859384103
1473,9,260,4.0,859382015
1474,9,273,3.0,859384026
1475,9,276,4.0,859383859
1476,9,277,5.0,859383172
1477,9,280,4.0,859383018
1478,9,317,4.0,859383753
1479,9,329,5.0,859382903
1480,9,350,5.0,859383102
1481,9,355,5.0,859384133
1482,9,356,5.0,859383448
1483,9,361,4.0,859383610
1484,9,362,5.0,859382967
1485,9,366,3.0,859383374
1486,9,370,2.0,859383448
1487,9,374,3.0,859383644
1488,9,378,4.0,859384181
1489,9,380,5.0,859384283
1490,9,387,3.0,859385955
1491,9,410,3.0,859383753
1492,9,419,4.0,859383567
1493,9,420,4.0,859383247
1494,9,432,3.0,859383753
1495,9,434,5.0,859383142
1496,9,435,3.0,859384480
1497,9,442,3.0,859383979
1498,9,445,4.0,859384328
1499,9,454,4.0,859383194
1500,9,455,4.0,859383317
1501,9,464,4.0,859383448
1502,9,466,2.0,859383713
1503,9,474,4.0,859383047
1504,9,500,5.0,859382967
1505,9,516,3.0,859383317
1506,9,519,5.0,859384380
1507,9,520,3.0,859383403
1508,9,539,5.0,859384283
1509,9,540,4.0,859383979
1510,9,541,4.0,859384380
1511,9,585,3.0,859383792
1512,9,586,5.0,859382967
1513,9,587,5.0,859383644
1514,9,588,5.0,859382967
1515,9,589,3.0,859383172
1516,9,590,4.0,859383351
1517,9,592,4.0,859383540
1518,9,593,5.0,859383172
1519,9,594,5.0,859383047
1520,9,596,4.0,859383047
1521,9,597,5.0,859383753
1522,9,611,1.0,859384209
1523,9,616,5.0,859383018
1524,9,667,5.0,859382108
1525,9,805,5.0,859382042
1526,9,818,3.0,859382301
1527,9,852,4.0,859384156
1528,9,858,3.0,859382278
1529,9,914,5.0,859385363
1530,9,919,5.0,859384939
1531,9,920,5.0,859385601
1532,9,924,3.0,859385079
1533,9,934,4.0,859385043
1534,9,938,4.0,859385878
1535,9,943,4.0,859385854
1536,9,952,4.0,859385812
1537,9,953,4.0,859385679
1538,9,954,4.0,859385456
1539,9,968,3.0,859385251
1540,9,969,3.0,859385560
1541,9,971,3.0,859385601
1542,9,1005,4.0,859383644
1543,9,1007,4.0,859384939
1544,9,1008,5.0,859385120
1545,9,1010,4.0,859384779
1546,9,1011,4.0,859384907
1547,9,1012,4.0,859384598
1548,9,1013,3.0,859384722
1549,9,1014,4.0,859384987
1550,9,1015,4.0,859384255
1551,9,1017,3.0,859384663
1552,9,1018,3.0,859385207
1553,9,1019,4.0,859384455
1554,9,1021,4.0,859384455
1555,9,1023,3.0,859384356
1556,9,1028,5.0,859383920
1557,9,1029,3.0,859384356
1558,9,1030,4.0,859384426
1559,9,1031,5.0,859384597
1560,9,1035,5.0,859383271
1561,9,1036,4.0,859383102
1562,9,1073,5.0,859381992
1563,9,1079,3.0,859383979
1564,9,1084,4.0,859383294
1565,9,1088,5.0,859384754
1566,9,1090,4.0,859384512
1567,9,1092,4.0,859384566
1568,9,1097,4.0,859383859
1569,9,1100,3.0,859384619
1570,9,1101,4.0,859383670
1571,9,1124,4.0,859385079
1572,9,1125,3.0,859385276
1573,9,1126,4.0,859385207
1574,9,1127,4.0,859384879
1575,9,1129,4.0,859384811
1576,9,1135,4.0,859385207
1577,9,1194,3.0,859385120
1578,9,1196,4.0,859384181
1579,9,1197,3.0,859384701
1580,9,1198,5.0,859384426
1581,9,1200,3.0,859384939
1582,9,1204,3.0,859385679
1583,9,1208,4.0,859385311
1584,9,1210,5.0,859382084
1585,9,1214,4.0,859385333
1586,9,1219,3.0,859385628
1587,9,1221,2.0,859384965
1588,9,1222,4.0,859385079
1589,9,1225,3.0,859384854
1590,9,1240,4.0,859384779
1591,9,1246,4.0,859384512
1592,9,1247,4.0,859385363
1593,9,1250,5.0,859385079
1594,9,1258,4.0,859384965
1595,9,1259,4.0,859384663
1596,9,1262,3.0,859385251
1597,9,1265,3.0,859385560
1598,9,1266,1.0,859385120
1599,9,1270,4.0,859384663
1600,9,1271,4.0,859384598
1601,9,1290,3.0,859385207
1602,9,1291,4.0,859384512
1603,9,1298,4.0,859385391
1604,9,1299,4.0,859385311
1605,9,1302,3.0,859385363
1606,9,1307,3.0,859385120
1607,9,1321,3.0,859385679
1608,9,1322,3.0,859386462
1609,9,1326,3.0,859386332
1610,9,1327,3.0,859385311
1611,9,1328,3.0,859386462
1612,9,1333,5.0,859385390
1613,9,1343,4.0,859384811
1614,9,1344,3.0,859385679
1615,9,1345,4.0,859385363
1616,9,1347,3.0,859384836
1617,9,1350,3.0,859385251
1618,9,1356,5.0,859382042
1619,9,1367,5.0,859382185
1620,9,1370,4.0,859384663
1621,9,1371,5.0,859385601
1622,9,1372,5.0,859385207
1623,9,1373,5.0,859385251
1624,9,1374,5.0,859385043
1625,9,1375,5.0,859385079
1626,9,1376,5.0,859385251
1627,9,1378,1.0,859384701
1628,9,1379,1.0,859384987
1629,9,1380,5.0,859384879
1630,9,1381,3.0,859385902
1631,9,1385,4.0,859384754
1632,9,1387,3.0,859385456
1633,9,1388,3.0,859385504
1634,9,1389,3.0,859386078
1635,9,1394,1.0,859385954
1636,9,5060,3.0,859385778
1637,10,1,3.5,1227571347
1638,10,32,4.0,1227571055
1639,10,50,5.0,1227571375
1640,10,110,4.0,1227571327
1641,10,150,4.0,1227571337
1642,10,193,1.0,1227570860
1643,10,260,5.0,1227571325
1644,10,296,4.5,1227571308
1645,10,318,4.5,1227571320
1646,10,356,4.5,1227571313
1647,10,380,3.5,1227571369
1648,10,457,3.5,1227571337
1649,10,480,4.0,1227571315
1650,10,588,3.0,1227571371
1651,10,589,4.0,1227571343
1652,10,592,3.0,1227571332
1653,10,593,4.5,1227571313
1654,10,608,3.5,1227571373
1655,10,780,3.0,1227571352
1656,10,924,4.5,1227571092
1657,10,1186,3.0,1227570886
1658,10,1196,5.0,1227571380
1659,10,1210,5.0,1227571359
1660,10,1347,3.0,1227570876
1661,10,1717,2.0,1227570905
1662,10,1960,3.5,1227570883
1663,10,1962,3.0,1227570828
1664,10,2085,2.0,1227570876
1665,10,2094,1.5,1227570889
1666,10,2505,3.5,1227571222
1667,10,2572,3.0,1227571037
1668,10,2605,3.5,1227570841
1669,10,2707,3.0,1227570895
1670,10,2826,2.0,1227571065
1671,10,2915,3.0,1227570836
1672,10,2944,3.0,1227570879
1673,10,3361,3.0,1227570866
1674,10,3863,4.0,1227570871
1675,10,3868,4.0,1227570908
1676,10,3986,4.0,1227571204
1677,10,4361,3.0,1227570857
1678,10,5049,4.0,1227571186
1679,10,5508,3.0,1227571111
1680,10,5810,2.5,1227571212
1681,10,6383,2.0,1227571082
1682,10,6502,4.5,1227571126
1683,10,6953,3.0,1227571100
1684,10,7444,1.0,1227571060
1685,10,7566,4.0,1227571141
1686,10,8810,3.5,1227571232
1687,10,52767,4.5,1227571105
1688,10,53000,4.0,1227571143
1689,10,53953,3.5,1227571070
1690,11,277,2.5,1208038679
1691,11,372,4.5,1208038696
1692,11,527,4.0,1208039263
1693,11,593,4.5,1208039277
1694,11,1203,2.5,1208039187
1695,11,1207,3.0,1208039291
1696,11,2329,2.5,1208039202
1697,11,2581,3.0,1208038731
1698,11,2694,2.5,1208038689
1699,11,2858,2.5,1208039199
1700,11,2881,2.5,1208038716
1701,11,3146,2.0,1208038836
1702,11,4210,4.0,1208038915
1703,11,4745,3.5,1208039018
1704,11,4993,4.0,1208039234
1705,11,5296,3.0,1208038980
1706,11,5618,1.0,1208039282
1707,11,6535,2.5,1208038927
1708,11,7153,4.0,1208039236
1709,11,8910,2.5,1208038869
1710,11,33669,3.0,1208039136
1711,11,42723,3.5,1208039039
1712,11,48043,4.0,1208039008
1713,11,54272,4.5,1208038892
1714,12,1,4.0,1167582601
1715,12,2,2.0,968257492
1716,12,3,2.0,1137231033
1717,12,7,3.0,940802609
1718,12,10,3.0,940791277
1719,12,16,5.0,940767812
1720,12,18,4.0,1159805789
1721,12,20,1.0,964631207
1722,12,21,2.0,940768073
1723,12,22,3.0,940787076
1724,12,25,3.0,940767067
1725,12,27,2.0,968257706
1726,12,29,4.0,1167582484
1727,12,31,2.0,940768545
1728,12,32,2.0,940767592
1729,12,36,4.0,1137234885
1730,12,39,4.0,1167582480
1731,12,45,2.0,940767647
1732,12,47,4.0,1167582234
1733,12,48,2.0,1137231133
1734,12,50,5.0,1209130708
1735,12,54,2.0,940801433
1736,12,62,3.0,1119354597
1737,12,68,3.0,1137233488
1738,12,88,2.5,1137232800
1739,12,97,4.0,963590948
1740,12,101,4.0,1255359683
1741,12,140,3.0,1137232916
1742,12,141,4.0,940766889
1743,12,145,2.5,1137230995
1744,12,150,2.0,989507784
1745,12,160,2.0,940802491
1746,12,163,4.0,940767812
1747,12,165,4.0,1167582469
1748,12,168,3.0,1137234177
1749,12,175,3.5,1137234912
1750,12,176,5.0,1060011757
1751,12,185,2.0,940803104
1752,12,186,2.5,1137231107
1753,12,203,2.5,1167744421
1754,12,209,4.0,1209130704
1755,12,215,4.0,1159805221
1756,12,222,3.0,940767702
1757,12,223,4.0,1137234874
1758,12,231,2.0,940804096
1759,12,235,4.0,1167582450
1760,12,236,3.5,1119355103
1761,12,238,3.0,940801520
1762,12,249,4.0,1060010776
1763,12,252,2.0,940767159
1764,12,253,3.5,1137233588
1765,12,256,1.5,1137231081
1766,12,257,3.0,940787076
1767,12,260,5.0,940796891
1768,12,261,3.5,1167582674
1769,12,265,4.0,940766110
1770,12,268,4.0,980886229
1771,12,292,2.5,1137232868
1772,12,293,4.0,940787982
1773,12,296,5.0,1119354604
1774,12,313,3.0,940801333
1775,12,316,3.0,940800689
1776,12,317,2.0,1137231152
1777,12,318,4.5,1137233610
1778,12,319,4.0,940766732
1779,12,329,3.0,1040142316
1780,12,337,4.0,940766481
1781,12,342,4.0,1119355164
1782,12,343,1.5,1137232763
1783,12,344,2.5,1119355123
1784,12,351,3.0,940802773
1785,12,356,4.0,1167582720
1786,12,364,3.0,1119354644
1787,12,367,2.0,940768250
1788,12,368,2.0,940768655
1789,12,374,1.0,940801520
1790,12,376,3.0,1137234197
1791,12,377,4.0,1167582620
1792,12,380,2.0,940768073
1793,12,410,2.0,1137230975
1794,12,413,3.0,940804682
1795,12,415,2.5,1137230981
1796,12,433,1.5,1137230737
1797,12,435,2.5,1119355138
1798,12,440,4.0,1167582734
1799,12,441,3.5,1137233546
1800,12,442,2.0,1137230752
1801,12,450,3.0,1137232929
1802,12,457,4.0,1167582430
1803,12,466,3.0,940800797
1804,12,471,4.0,1167582388
1805,12,477,4.0,1167582206
1806,12,478,1.5,1137230774
1807,12,480,4.0,940767875
1808,12,489,1.5,1137230794
1809,12,497,3.0,1119354652
1810,12,500,4.0,1167582345
1811,12,505,2.0,1137230811
1812,12,508,3.5,1181652926
1813,12,514,3.0,1137234032
1814,12,515,4.0,1137232661
1815,12,516,2.0,940803669
1816,12,518,2.0,940804795
1817,12,520,4.0,1167582255
1818,12,524,3.0,940767812
1819,12,527,5.0,940765824
1820,12,528,2.0,940806564
1821,12,531,3.0,940786747
1822,12,532,2.5,1137230929
1823,12,538,4.0,940767321
1824,12,539,2.5,1119355263
1825,12,543,3.0,940799390
1826,12,546,1.0,940800970
1827,12,551,4.0,1167582332
1828,12,555,4.0,1159805603
1829,12,562,3.5,1137232712
1830,12,575,2.0,1137230786
1831,12,585,0.5,1119355202
1832,12,586,3.0,1137234002
1833,12,588,4.0,940767702
1834,12,592,5.0,940857312
1835,12,593,4.0,940766180
1836,12,594,3.5,1183550476
1837,12,603,1.0,980886271
1838,12,605,3.0,1167743353
1839,12,608,5.0,940766889
1840,12,613,3.0,940789382
1841,12,627,4.5,1060011750
1842,12,648,2.0,940789003
1843,12,663,4.0,1060010863
1844,12,708,2.0,940767647
1845,12,719,2.0,968257707
1846,12,724,2.0,1119355214
1847,12,728,2.5,1119355210
1848,12,736,3.0,940787126
1849,12,745,4.0,940766179
1850,12,750,4.0,1167574020
1851,12,765,2.0,968257493
1852,12,778,5.0,1159805591
1853,12,780,4.0,1167582383
1854,12,784,2.0,940804565
1855,12,805,4.0,940767647
1856,12,832,2.0,1137230865
1857,12,838,4.0,1167582723
1858,12,851,4.0,1159805664
1859,12,852,1.0,940789382
1860,12,858,4.0,940873638
1861,12,880,1.0,968257493
1862,12,898,4.5,1181652923
1863,12,908,4.5,1261141492
1864,12,910,4.0,1210233646
1865,12,911,5.0,963590439
1866,12,912,4.5,1167582140
1867,12,914,3.0,1137234019
1868,12,919,4.0,1266934114
1869,12,923,5.0,940796773
1870,12,926,4.5,1266934991
1871,12,928,4.0,1183550167
1872,12,932,4.0,989507712
1873,12,1013,3.0,1137234025
1874,12,1015,3.5,1137233681
1875,12,1020,1.5,1137230740
1876,12,1025,4.0,940875456
1877,12,1027,3.0,1137234034
1878,12,1034,4.0,940766240
1879,12,1035,3.0,1159805562
1880,12,1036,4.0,940857058
1881,12,1041,5.0,940766533
1882,12,1042,2.5,1119355270
1883,12,1043,2.5,1119355272
1884,12,1047,4.0,1167582364
1885,12,1057,4.0,1167574001
1886,12,1059,4.0,940766431
1887,12,1060,4.5,1159805581
1888,12,1079,4.5,1137233666
1889,12,1080,3.0,1261141850
1890,12,1088,4.0,1167582465
1891,12,1089,4.0,940767112
1892,12,1091,3.5,1119354751
1893,12,1097,5.0,940857896
1894,12,1100,2.5,1137233971
1895,12,1120,3.0,940767067
1896,12,1126,1.5,1119355314
1897,12,1127,4.0,1167582576
1898,12,1135,4.5,1167582309
1899,12,1136,4.5,1159805447
1900,12,1148,5.0,940765824
1901,12,1175,4.5,1119354707
1902,12,1183,3.5,1159805772
1903,12,1188,4.0,940767478
1904,12,1194,3.0,985371706
1905,12,1196,5.0,940857058
1906,12,1197,4.0,940857058
1907,12,1200,3.5,1137234493
1908,12,1207,4.5,1119354746
1909,12,1208,3.5,1119355288
1910,12,1210,4.0,1159805577
1911,12,1212,3.5,1291375238
1912,12,1213,5.0,1159805361
1913,12,1214,4.0,989507713
1914,12,1215,5.0,940790193
1915,12,1219,5.0,963590256
1916,12,1220,4.0,1167582503
1917,12,1221,4.0,1169565645
1918,12,1222,4.0,940857058
1919,12,1223,4.0,1159805612
1920,12,1225,4.0,1255359673
1921,12,1230,3.5,1119355287
1922,12,1231,3.0,1159805507
1923,12,1235,4.5,1167582081
1924,12,1242,4.0,963590544
1925,12,1243,5.0,940766356
1926,12,1244,4.5,1167582038
1927,12,1246,4.0,940860466
1928,12,1249,3.5,1119354733
1929,12,1257,4.5,1119354695
1930,12,1258,5.0,940858658
1931,12,1259,5.0,940857597
1932,12,1261,4.0,940857597
1933,12,1265,4.0,1119355334
1934,12,1267,4.0,1167575237
1935,12,1269,3.5,1266935213
1936,12,1270,4.0,940859827
1937,12,1271,4.0,1167582432
1938,12,1285,4.0,940860140
1939,12,1288,5.0,1119354809
1940,12,1291,3.0,1119354785
1941,12,1307,3.5,1167582589
1942,12,1330,2.5,1137234497
1943,12,1339,4.0,940768250
1944,12,1343,4.5,1167582491
1945,12,1347,3.5,1119355345
1946,12,1357,4.0,940766180
1947,12,1358,3.5,1119354805
1948,12,1361,3.0,1137233893
1949,12,1363,2.0,1137230646
1950,12,1367,1.0,940801520
1951,12,1378,4.0,1167582195
1952,12,1380,4.0,1167582402
1953,12,1387,4.0,940873638
1954,12,1391,4.0,940768655
1955,12,1393,3.0,1137234015
1956,12,1394,5.0,940860140
1957,12,1396,4.0,940767761
1958,12,1405,2.0,1119355293
1959,12,1407,3.0,940767592
1960,12,1409,1.0,968257599
1961,12,1411,2.5,1119355336
1962,12,1440,2.0,940799540
1963,12,1441,4.0,1167582753
1964,12,1449,3.5,1266934221
1965,12,1461,1.0,1119355360
1966,12,1466,2.5,1119355308
1967,12,1474,2.0,968257494
1968,12,1476,1.5,1137232468
1969,12,1485,1.0,940767592
1970,12,1487,2.5,1119355421
1971,12,1499,1.0,940800970
1972,12,1500,2.0,940767761
1973,12,1513,3.0,940799683
1974,12,1515,2.5,1119355434
1975,12,1517,4.5,1137233784
1976,12,1518,3.0,1137233951
1977,12,1522,3.0,940806806
1978,12,1526,1.5,1137232402
1979,12,1534,4.0,968256235
1980,12,1541,2.5,1119355370
1981,12,1544,2.0,1137230599
1982,12,1552,2.0,940789288
1983,12,1580,3.5,1167582669
1984,12,1584,3.0,968257055
1985,12,1586,3.0,940767209
1986,12,1596,3.0,980886316
1987,12,1617,4.0,1014144781
1988,12,1635,3.0,1016738289
1989,12,1641,4.0,1167582425
1990,12,1642,3.0,940788807
1991,12,1643,4.0,940767274
1992,12,1644,2.5,1119355399
1993,12,1654,2.5,1119355386
1994,12,1665,2.0,1137230503
1995,12,1673,4.0,940767953
1996,12,1680,4.5,1119354800
1997,12,1682,2.0,980885716
1998,12,1693,4.0,968256864
1999,12,1704,3.0,940766180
