,movieId,userId,tag,timestamp
0,260,3,classic,1439472355
1,260,3,sci-fi,1439472256
2,1732,4,dark comedy,1573943598
3,1732,4,great dialogue,1573943604
4,7569,4,so bad it's good,1573943455
5,44665,4,unreliable narrators,1573943619
6,115569,4,tense,1573943077
7,115713,4,artificial intelligence,1573942979
8,115713,4,philosophical,1573943033
9,115713,4,tense,1573943042
10,148426,4,so bad it's good,1573942965
11,164909,4,cliche,1573943721
12,164909,4,musical,1573943714
13,168250,4,horror,1573945163
14,168250,4,unpredictable,1573945171
15,2160,19,Oscar (Best Supporting Actress),1446909853
16,7099,19,adventure,1445286141
17,7099,19,anime,1445286127
18,7099,19,ecology,1445286153
19,7099,19,fantasy,1445286144
20,7099,19,Hayao Miyazaki,1445286120
21,7099,19,Miyazaki,1445286148
22,7099,19,post-apocalyptic,1445286136
23,1210,20,bah,1155082282
24,434,43,Clint Eastwood,1170492549
25,3481,68,music,1472113217
26,194728,84,art,1549387440
27,194728,84,contemporary art,1549387437
28,194728,84,documentary,1549387432
29,1127,87,aliens,1542308477
30,1127,87,amazing photography,1542308501
31,1127,87,Director: James Cameron,1542308487
32,1127,87,first contact,1542308468
33,1127,87,James Cameron,1542308492
34,1127,87,Michael Biehn,1542308483
35,1127,87,sci-fi,1542308464
36,6537,87,android(s)/cyborg(s),1542309549
37,6537,87,apocalypse,1542309703
38,6537,87,Arnold Schwarzenegger,1542309595
39,6537,87,artificial intelligence,1542309599
40,6537,87,franchise,1542309536
41,6537,87,terminator,1542309735
42,6537,87,time travel,1542309532
43,72998,87,James Cameron,1542308389
44,72998,87,sci-fi,1542308408
45,72998,87,science fiction,1542308395
46,79132,87,sci-fi,1522675497
47,102445,87,inferior sequel,1522677007
48,102445,87,setting:London (UK) (future),1522677058
49,102445,87,unoriginal,1522677043
50,104841,87,bad science,1522676752
51,109487,87,good science,1522676693
52,109487,87,Hans Zimmer,1522676679
53,109487,87,philosophical issues,1522676687
54,109487,87,sci-fi,1522676660
55,109487,87,science fiction,1522676703
56,109487,87,space,1522676664
57,109487,87,space travel,1522676685
58,109487,87,time-travel,1522676667
59,109487,87,visually appealing,1522676682
60,215,91,bittersweet,1415131183
61,215,91,boring,1415914643
62,215,91,conversation,1415131159
63,215,91,dialogue driven,1415131169
64,215,91,loneliness,1415131180
65,215,91,love story,1415131196
66,215,91,philosophical,1415131228
67,215,91,philosophy,1415131215
68,215,91,quirky,1415914797
69,215,91,reflective,1415131174
70,215,91,romantic,1415131173
71,215,91,thought-provoking,1415131203
72,215,91,Vienna,1415914755
73,215,91,wistful,1415914789
74,590,91,American Civil War,1414248567
75,590,91,based on book,1414248543
76,590,91,bittersweet,1414248546
77,590,91,culture clash,1414248582
78,590,91,drama,1414248538
79,590,91,indians,1414248604
80,590,91,love story,1414248535
81,590,91,war,1414248586
82,590,91,western,1414248596
83,1619,91,Buddhism,1389309614
84,1619,91,China,1389309619
85,1619,91,great cinematography,1389309592
86,1619,91,JOURNEY OF SELF-DISCOVERY,1389309596
87,1619,91,mountains,1389309610
88,1619,91,traveling,1389309607
89,1719,91,atmospheric,1414932665
90,1719,91,based on a book,1414932650
91,1719,91,Canada,1414932654
92,1719,91,death,1414932717
93,1719,91,Incest,1414932657
94,1719,91,meditative,1414932635
95,1719,91,melancholic,1414932660
96,1719,91,Nudity (Full Frontal),1414932679
97,1719,91,small town,1414932683
98,1719,91,wintry,1414932700
99,1962,91,aging,1414703813
100,1962,91,based on a play,1414703896
101,1962,91,boring,1414703922
102,1962,91,Drama,1414703854
103,1962,91,friendship,1414703861
104,1962,91,Morgan Freeman,1414703875
105,1962,91,no action,1414703922
106,1962,91,old age,1414703857
107,1962,91,racism,1414703880
108,1962,91,Southern theme,1414703882
109,1962,91,USA,1414703885
110,2324,91,bittersweet,1404508243
111,2324,91,emotional,1404508252
112,2324,91,heartwarming,1405162775
113,2324,91,Holocaust,1389309722
114,2324,91,Italy,1389309737
115,2324,91,love,1389309735
116,2324,91,Oscar (Best Foreign Language Film),1404508261
117,2324,91,Oscar Winner,1404508239
118,2324,91,sentimental,1389309725
119,2324,91,survival,1404508257
120,2628,91,adventure,1406474907
121,2628,91,fantasy,1406474916
122,2628,91,music,1406474905
123,2628,91,Natalie Portman,1406474902
124,2628,91,robots,1406474862
125,2628,91,sci-fi,1406474865
126,2628,91,space,1406474897
127,2628,91,Star Wars,1406474879
128,3148,91,abortion,1414335320
129,3148,91,based on a book,1414335090
130,3148,91,charlize theron,1414335302
131,3148,91,Drama,1414335121
132,3148,91,Incest,1414335124
133,3148,91,medicine,1414335340
134,3148,91,orphans,1414335312
135,3148,91,Tobey Maguire,1414335104
136,3481,91,based on a book,1399117141
137,3481,91,break-up,1399117159
138,3481,91,Catherine Zeta-Jones,1399117136
139,3481,91,funny,1399117119
140,3481,91,relationships,1399117124
141,4022,91,island,1400957839
142,4022,91,SURVIVAL,1400957850
143,4235,91,boring,1406059373
144,4235,91,dogs,1405874817
145,4235,91,drama,1405874824
146,4235,91,multiple storylines,1405874854
147,5378,91,action,1406474940
148,5378,91,adventure,1406474943
149,5378,91,aliens,1406474945
150,5378,91,fantasy,1406474948
151,5378,91,George Lucas,1406474936
152,5378,91,robots,1406474952
153,5378,91,romance,1406474950
154,5378,91,sci-fi,1406474955
155,5378,91,space,1406474957
156,5378,91,Star Wars,1406474960
157,6870,91,based on a book,1393795254
158,6870,91,Drama,1393795227
159,6870,91,family,1393795249
160,6870,91,mystery,1393795231
161,6870,91,powerful ending,1393795234
162,6870,91,twist ending,1393795240
163,8207,91,adapted from:book,1417274532
164,8207,91,assassin,1417274496
165,8207,91,assassination,1417274509
166,8207,91,History,1417274543
167,8207,91,interesting,1417274521
168,8207,91,Southern Europe,1417274511
169,8207,91,tense,1417274493
170,8207,91,thriller,1417274507
171,8638,91,bittersweet,1415914716
172,8638,91,boring,1415914739
173,8638,91,dialogue,1415914698
174,8638,91,emotional,1415914675
175,8638,91,Paris,1415914704
176,8638,91,philosophical,1415914722
177,8638,91,quirky,1415914679
178,8638,91,romance,1415914710
179,8638,91,romantic,1415914672
180,8958,91,adultery,1413670959
181,8958,91,biographical,1413670831
182,8958,91,Biography,1413670823
183,8958,91,blindness,1413670932
184,8958,91,disability,1413670935
185,8958,91,drug addiction,1413670928
186,8958,91,drugs,1413670864
187,8958,91,genius,1413670834
188,8958,91,great acting,1413670838
189,8958,91,history,1413670881
190,8958,91,music,1413670841
191,8958,91,music business,1413670951
192,8958,91,musical,1413670957
193,8958,91,rhythm & blues,1413670942
194,8973,91,boring,1413403374
195,8973,91,Catholicism,1413403254
196,8973,91,child abuse,1413403400
197,8973,91,drugs,1413403405
198,8973,91,enigmatic,1413403268
199,8973,91,Gay sex,1413403374
200,8973,91,mistaken identity,1413403295
201,8973,91,queer,1413403279
202,8973,91,soccer,1413403398
203,8973,91,spanish,1413403410
204,27727,91,alcoholism,1412431592
205,27727,91,complex characters,1412431587
206,27727,91,confusing,1412431571
207,27727,91,Germany,1412431606
208,27727,91,loneliness,1412431612
209,27727,91,love story,1412431578
210,27727,91,Nudity (Full Frontal),1412431604
211,27803,91,biomedical ethics,1405250768
212,27803,91,death,1405250857
213,27803,91,disability,1405250854
214,27803,91,emotional,1405250760
215,27803,91,euthanasia,1405250851
216,27803,91,FIGHTING THE SYSTEM,1405250897
217,27803,91,meditative,1405250785
218,27803,91,Oscar (Best Foreign Language Film),1405250932
219,27803,91,SUICIDE,1405250844
220,27803,91,suicide attempt,1405250836
221,27803,91,terminal illness,1405250834
222,27803,91,touching,1405250774
223,27803,91,true story,1405250777
224,30803,91,boring,1414925369
225,30803,91,deliberate,1414872578
226,30803,91,nonsense,1414925398
227,30803,91,philosophycal,1414872512
228,30803,91,quiet,1414872517
229,30803,91,quirky,1414872522
230,30803,91,silent,1414872494
231,30803,91,very little dialogue,1414872498
232,37741,91,biopic,1403990776
233,37741,91,character study,1403990756
234,37741,91,death penalty,1403990817
235,37741,91,gay,1403990812
236,37741,91,journalism,1403990809
237,37741,91,prison,1403990804
238,37741,91,thought provoking,1403990752
239,37741,91,writers,1403990750
240,40819,91,based on a true story,1414865361
241,40819,91,biography,1414865364
242,40819,91,bittersweet,1414865382
243,40819,91,Joaquin Phoenix,1414865433
244,40819,91,love,1414865372
245,40819,91,music,1414865368
246,40819,91,music business,1414865370
247,40819,91,true story,1414865377
248,41285,91,Disturbing,1398892248
249,41285,91,interesting,1398892221
250,41285,91,murder mystery,1398892288
251,41285,91,non-hollywood ending,1398892278
252,41285,91,twist,1398892238
253,41285,91,twist ending,1398892243
254,43376,91,based on a true story,1412536129
255,43376,91,simple,1412536147
256,43376,91,Straight forward,1412536434
257,43376,91,strong woman,1412536133
258,43376,91,WOMEN DURING WARTIME,1412536157
259,43376,91,World War II,1412536159
260,48696,91,cynical,1390132736
261,48696,91,disturbing,1390132782
262,48696,91,drama,1390132720
263,48696,91,family,1390132794
264,48696,91,Nudity (Topless - Notable),1390132710
265,48696,91,Nudity (Topless),1390132714
266,48696,91,psychology,1390132708
267,48696,91,reflective,1390132705
268,48696,91,small town,1390132749
269,49772,91,emotional,1390176229
270,49772,91,epidemic,1390176247
271,49772,91,husband-wife relationship,1390176200
272,49772,91,romance,1390176218
273,49772,91,science,1390176215
274,49772,91,scientific research,1390176211
275,55276,91,George Clooney,1421185091
276,55276,91,lawyers,1421185095
277,55814,91,based on a true story,1400957487
278,55814,91,depressing,1400957500
279,55814,91,disability,1400957524
280,55814,91,hospital,1400957520
281,55814,91,marriage,1400957511
282,55814,91,thought-provoking,1400957494
283,55814,91,touching,1400957481
284,55814,91,true story,1400957484
285,56389,91,bittersweet,1404658877
286,56389,91,boring,1404658892
287,56389,91,Jude Law,1404658912
288,56389,91,Natalie Portman,1404658914
289,56389,91,road movie,1404658903
290,56389,91,soundtrack,1404658897
291,56389,91,visually appealing,1404658880
292,59018,91,alternate endings,1406145376
293,59018,91,beautiful,1406145338
294,59018,91,humanity,1406145341
295,59018,91,quirky,1406145432
296,59018,91,quirky style,1406145434
297,59018,91,romance,1406145344
298,59018,91,solitude,1406145388
299,60950,91,awkward,1412424986
300,60950,91,Barcelona,1412424925
301,60950,91,love,1412424990
302,60950,91,relationships,1412424978
303,60950,91,romance,1412424952
304,60950,91,threesome,1412424943
305,60950,91,visually appealing,1412424945
306,68159,91,congressman,1419630185
307,68159,91,corruption,1419630169
308,68159,91,journalism,1419630135
309,68159,91,mistress,1419630204
310,68159,91,murder,1419630147
311,68159,91,newspaper,1419630180
312,68159,91,political corruption,1419630146
313,68159,91,politics,1419630175
314,68159,91,secrets,1419630172
315,68159,91,tense,1419630188
316,69757,91,bittersweet,1407877212
317,69757,91,Funny,1407877196
318,69757,91,humorous,1407877184
319,69757,91,love,1407877199
320,69757,91,nonlinear,1407877206
321,69757,91,relationships,1407877215
322,69757,91,romance,1407877180
323,71033,91,drama,1388323435
324,71033,91,excellent script,1388323402
325,71033,91,love,1388323408
326,71033,91,mystery,1388323412
327,71033,91,nostalgic,1388323416
328,71033,91,revenge,1388323428
329,72998,91,effects,1415448510
330,72998,91,environmental,1415448520
331,72998,91,music,1415448517
332,72998,91,sci-fi,1415448500
333,72998,91,thought-provoking,1415448524
334,79132,91,action,1389309556
335,79132,91,alternate reality,1389309535
336,79132,91,drama,1389309539
337,79132,91,psychology,1389309544
338,79132,91,thought-provoking,1389309550
339,79132,91,twist ending,1389309547
340,80969,91,atmospheric,1412424740
341,80969,91,based on a book,1412424754
342,80969,91,cynical,1412424759
343,80969,91,depressing,1412424729
344,80969,91,disturbing,1412424733
345,80969,91,dystopia,1412424736
346,80969,91,emotional,1412424793
347,80969,91,love story,1412424799
348,80969,91,thought-provoking,1412424805
349,81845,91,based on a true story,1389309511
350,81845,91,complex characters,1389309487
351,81845,91,drama,1389309499
352,81845,91,Oscar (Best Picture),1389309517
353,85414,91,mindfuck,1448114818
354,85414,91,sci-fi,1448114824
355,88744,91,action,1405174626
356,88744,91,Alzheimer's disease,1405174662
357,88744,91,Animals,1405174660
358,88744,91,genetics,1405174589
359,88744,91,sci-fi,1405174657
360,88744,91,thought-provoking,1405174592
361,88744,91,touching,1405174596
362,88744,91,virus,1405174603
363,90866,91,adapted from:book,1405251930
364,90866,91,bittersweet,1405251890
365,90866,91,children,1405251910
366,90866,91,cinematography,1405251916
367,90866,91,fantasy,1405251956
368,90866,91,nostalgic,1405251886
369,90866,91,Paris,1405251883
370,90866,91,robots,1405251923
371,90866,91,visually appealing,1405251881
372,93498,91,based on a true story,1400957563
373,93498,91,campaign manager,1400957567
374,93498,91,politics,1400957554
375,93498,91,real life,1400957557
376,93721,91,Fish,1400957661
377,93721,91,food,1400957663
378,93721,91,Ginza,1400957666
379,93721,91,Japan,1400957623
380,93721,91,Michelin,1400957670
381,93721,91,sushi,1400957676
382,93721,91,Tokyo,1400957672
383,93721,91,Tsukiji,1400957675
384,97870,91,disability,1415911826
385,97870,91,drama,1415911726
386,97870,91,humor,1415911622
387,97870,91,nudity (full frontal),1415911617
388,97870,91,relationships,1415911626
389,97870,91,sexuality,1415911629
390,97870,91,static,1415911822
391,97870,91,strange,1415911758
392,97870,91,uncomfortable,1415911799
393,98154,91,biography,1389309446
394,98154,91,history,1389309466
395,98154,91,oscar (best directing),1389309455
396,98154,91,US President,1389309468
397,104337,91,president; butler,1422659186
398,104913,91,Ferrari,1389309656
399,104913,91,Formula 1,1389309638
400,104913,91,great skill,1389309679
401,104913,91,interesting characters,1389309652
402,104913,91,racing,1389309644
403,104913,91,sports,1389309648
404,104913,91,unpredictable,1389309664
405,105211,91,depressing,1428432717
406,105211,91,happy ending,1428432733
407,105211,91,middle-aged protagonist,1428432721
408,105211,91,warm,1428432727
409,105504,91,captain,1389309356
410,105504,91,ocean,1389309366
411,105504,91,suspense,1389309350
412,105504,91,true story,1389309369
413,106100,91,disease,1392415008
414,106100,91,Matthew McConaughey,1392414970
415,106100,91,medical,1392414987
416,106438,91,based on a book,1421184835
417,106438,91,based on a true story,1421184882
418,106438,91,bittersweet,1421184814
419,106438,91,dramatic comedy,1421184846
420,106438,91,sad,1421184861
421,106438,91,story,1421184843
422,106438,91,true story,1421184807
423,106441,91,adapted from:book,1391028867
424,106441,91,narration,1391028873
425,106441,91,touching,1391028858
426,106441,91,World War II,1391028880
427,106766,91,atmospheric,1415448386
428,106766,91,boring,1415448416
429,106766,91,cats,1415448423
430,106766,91,depressing,1415448410
431,106766,91,folk music,1415448434
432,106766,91,New York City,1415448393
433,106782,91,Nudity (Full Frontal),1389309282
434,106782,91,Nudity (Topless),1389309291
435,106782,91,repetitive,1389309240
436,106782,91,Wall Street,1389309247
437,106920,91,artificial intelligence,1392414629
438,106920,91,bittersweet,1392414595
439,106920,91,Human Computer Interaction,1392414625
440,106920,91,Joaquin Phoenix,1414865458
441,106920,91,landscape,1392414802
442,106920,91,letters,1392414623
443,106920,91,loneliness,1392414620
444,106920,91,meaning of life,1392414600
445,106920,91,original plot,1392414708
446,106920,91,philosophical,1392414607
447,106920,91,psychology,1392414613
448,106920,91,sad,1392414717
449,106920,91,thought-provoking,1392414616
450,106983,91,Nudity (Topless),1398892423
451,106983,91,repeating,1398892441
452,106983,91,simple,1398892463
453,107069,91,Afghanistan,1390606482
454,107069,91,friendship,1392415078
455,107069,91,seals,1390606474
456,107069,91,true story,1390606479
457,108727,91,naration,1391379315
458,108727,91,Nudity (Full Frontal - Notable),1391378386
459,108727,91,sexuality,1391378811
460,108727,91,story,1391378677
461,108928,91,based on a true story,1399225524
462,108928,91,George Clooney,1399225544
463,108928,91,german sync,1399225528
464,108928,91,matt damon,1399225538
465,108981,91,Lars von Trier,1392414551
466,108981,91,Nudity (Full Frontal - Notable),1392414541
467,108981,91,pornography,1392414544
468,108981,91,sexuality,1392414547
469,108981,91,Unexpected Ending,1392414569
470,109374,91,quirky,1412424875
471,109374,91,visually appealing,1412424862
472,109487,91,interesting ideea,1415904647
473,109487,91,original,1415904653
474,109487,91,philosophical issues,1415904686
475,109487,91,sentimental,1415904671
476,109487,91,space,1415904616
477,109487,91,spectacle,1415904677
478,109487,91,thought-provoking,1415904620
479,109487,91,time-travel,1415904606
480,109487,91,wormhole,1415904635
481,110433,91,espionage,1490008618
482,110433,91,Jean Dujardin,1490008638
483,110433,91,love story,1490008643
484,111622,91,bitterswee,1406474778
485,111622,91,music,1406474813
486,111622,91,new york,1406474804
487,111622,91,romance,1406474709
488,111622,91,soundtrack,1406474688
489,111622,91,story,1406474700
490,111759,91,action,1403432685
491,111759,91,future,1403432670
492,111759,91,original plot,1403432673
493,111759,91,sci-fi,1403432676
494,111759,91,time loop,1403432696
495,111759,91,time travel,1403432679
496,111759,91,Tom Cruise,1403432688
497,111759,91,war,1403432693
498,112370,91,dialogue,1404508717
499,112370,91,plot holes,1404508707
500,112370,91,ridiculous dialogue,1404508711
501,112370,91,robots,1404508714
502,112370,91,transformers,1404508702
503,112370,91,weak story,1404508709
504,112552,91,drama,1448114470
505,112552,91,education,1448114467
506,112552,91,good acting,1448114474
507,112552,91,jazz,1448114461
508,112552,91,motivation,1448114487
509,112552,91,perfectionism,1448114479
510,112552,91,psychological,1448114476
511,112556,91,adultery,1413280833
512,112556,91,Ben Affleck,1413280836
513,112556,91,false accusation,1413280822
514,112556,91,good adaptation,1413280852
515,112556,91,Infidelity,1413280806
516,112556,91,marriage,1413280818
517,112556,91,meticulous,1413280777
518,112556,91,mindfuck,1413280779
519,112556,91,murder,1413280807
520,112556,91,Psychopathy,1413280781
521,112556,91,unpredictable,1413280783
522,112623,91,action,1405162500
523,112623,91,emotional,1405162357
524,112623,91,genetics,1405162806
525,112623,91,Matt Reeves,1405162812
526,112623,91,relationships,1405162500
527,112623,91,virus,1405162801
528,112852,91,Action,1413391093
529,112852,91,comic,1413391116
530,112852,91,fantasy,1413391174
531,112852,91,sci-fi,1413391134
532,112852,91,space,1413391099
533,112852,91,superheroes,1413391222
534,112852,91,talking animals,1413391097
535,112852,91,Vin Diesel,1413391128
536,112940,91,counterespionage,1419704398
537,112940,91,slow,1419704404
538,114662,91,based on a book,1422659131
539,115170,91,Law,1421184762
540,115210,91,acting,1414704223
541,115210,91,action,1414704223
542,115210,91,Brad Pitt,1414704128
543,115210,91,David Ayer,1414704356
544,115210,91,drama,1414704152
545,115210,91,sentimental,1414704152
546,115210,91,to much war,1414704239
547,115210,91,war hero,1414704223
548,115210,91,World War II,1414704106
549,115713,91,artificial intelligence,1448113515
550,115713,91,Drama,1448113537
551,115713,91,Manipulations,1448113548
552,115713,91,philosophical,1448113523
553,115713,91,sci-fi,1448113518
554,115713,91,technology,1448113550
555,115713,91,thought provoking,1448113534
556,116397,91,mental illness,1417274722
557,116397,91,surprising,1417274631
558,116397,91,twisted end,1417274617
559,116797,91,code breaking,1422659241
560,116797,91,Computers,1422659264
561,116797,91,cryptography,1422659229
562,116797,91,genius,1422659252
563,116797,91,history,1422659245
564,116797,91,informatics,1422659255
565,116797,91,mathematics,1422659237
566,116797,91,World War II,1422659224
567,117176,91,love,1448114710
568,117176,91,physics,1448114704
569,117176,91,science,1448114713
570,117176,91,Stephen Hawking,1448114700
571,117176,91,True story,1448114707
572,117871,91,image,1422659356
573,117871,91,Olga Kurylenko,1422659453
574,117871,91,story,1422659365
575,134130,91,based on book,1448113771
576,134130,91,Improvisation,1448113768
577,134130,91,mars,1448113754
578,134130,91,matt damon,1448113761
579,134130,91,NASA,1448113760
580,134130,91,Near Future,1448113756
581,134130,91,predictible,1448113813
582,134130,91,sci-fi,1448113738
583,134130,91,scientific,1448113751
584,134130,91,Space,1448113734
585,134130,91,Survival Instinct,1448113773
586,134214,91,boring,1448113621
587,134214,91,no action,1448113637
588,140627,91,romance,1490008676
589,140627,91,war,1490008675
590,165551,91,adoption,1490008595
591,165551,91,Oscar Nominee: Best Picture,1490008592
592,7147,93,dreamlike,1496543855
593,7147,93,Fantasy,1496543870
594,7147,93,imagination,1496543851
595,7147,93,surreal,1496543859
596,7147,93,surrealism,1496543872
597,7147,93,truth vs. fantasy,1496543884
598,116855,93,gay,1496547445
599,116855,93,gay romance,1496547442
600,77307,95,disturbing,1510325260
601,77307,95,surrealism,1510325225
602,260,110,action,1437790690
603,260,110,adventure,1437790680
604,260,110,fantasy,1437790687
605,260,110,space adventure,1437790694
606,68099,110,overcoming obstacles,1437791138
607,68099,110,space adventure,1437791138
608,68099,110,teamwork,1437791138
609,608,113,Coen Brothers,1478897219
610,608,113,dark comedy,1478897216
611,608,113,quirky,1478897224
612,608,113,witty,1478897222
613,7361,113,philosophy,1478899104
614,7361,113,surreal,1478899097
615,5989,114,based on a true story,1565866135
616,5989,114,smart,1565866136
617,5989,114,Tom Hanks,1565866126
618,122904,114,4th wall,1560112933
619,122904,114,crude language,1560112908
620,122904,114,parody,1560112920
621,122904,114,soulless,1560112898
622,74754,142,cult film,1490509107
623,74754,142,so bad it's good,1490509104
624,74754,142,unintentional comedy,1490509101
625,104879,150,dark,1422348976
626,104879,150,missing children,1422348976
627,104879,150,torture,1422348976
628,2628,151,Ewan McGregor,1449428600
629,2628,151,Jar Jar Binks,1449428614
630,2628,151,robots,1449428608
631,5445,151,sci-fi,1449428539
632,5445,151,Tom Cruise,1449428551
633,120466,151,AI,1449428701
634,120466,151,artificial intelligence,1449428716
635,120466,151,robots,1449428698
636,4748,163,karate,1200697859
637,356,172,emotional,1423406599
638,356,172,inspiring,1423406599
639,356,172,purpose in life,1423406599
640,5524,172,summer,1424103875
641,79796,187,ambush,1282119832
642,79796,187,England,1282119814
643,79796,187,Romans,1282119676
644,79796,187,violent,1282119644
645,91007,187,dark,1427089602
646,91007,187,television,1427089602
647,91007,187,violent,1427089602
648,8622,195,Michael Moore,1545216405
649,8622,195,propaganda,1545216412
650,97306,195,metafiction,1545130337
651,109487,195,Christopher Nolan,1545129659
652,115713,195,artificial intelligence,1545129560
653,115713,195,turing test,1545129573
654,184685,195,impressive visuals,1545130234
655,184685,195,magic,1545130222
656,184685,195,mystery,1545130257
657,184685,195,tang dynasty,1545130187
658,67197,203,aliens,1252943989
659,67197,203,Nicolas Cage,1252943991
660,67197,203,sci-fi,1252943986
661,112552,204,art,1435427624
662,112552,204,manipulation,1435427624
663,112552,204,psychology,1435427624
664,129657,204,free running,1436637240
665,129657,204,no story,1436637240
666,129657,204,parkour,1436637240
667,3,210,funny,1461974440
668,1265,210,funny,1461974459
669,3450,210,funny,1461974421
670,140653,210,running,1461974369
671,151367,220,abduction,1453320829
672,151367,220,bound,1453320930
673,151367,220,canada,1453320888
674,151367,220,dark humor,1453320837
675,151367,220,gagged,1453320932
676,151367,220,kidnapping,1453320831
677,151367,220,montreal,1453320890
678,151367,220,nightmares,1453320878
679,151367,220,small cast,1453320884
680,151367,220,twist ending,1453320934
681,151367,220,twisted,1453320834
682,318,225,bad ending,1270201242
683,3354,225,death,1270719832
684,3504,225,Nudity (Topless - Brief),1270718734
685,3504,225,Oscar (Best Actor),1270718715
686,3504,225,Oscar (Best Actress),1270718718
687,3504,225,Oscar (Best Supporting Actress),1270718711
688,3504,225,want to see again,1270718726
689,8957,225,Disturbing,1270719269
690,8957,225,Sick,1270719255
691,8965,225,animation,1270929793
692,8965,225,big budget,1270929807
693,8965,225,Christian,1270929802
694,8965,225,Christmas,1270929791
695,8965,225,family,1270929801
696,8965,225,Tom Hanks,1270929787
697,27618,225,starts well but fails you in the middle till the end,1270368216
698,44761,225,film noir,1270673839
699,44761,225,low budget,1270673757
700,47997,225,decline of civilization,1270718615
701,47997,225,future,1270718621
702,47997,225,prophetic,1270718658
703,47997,225,space,1270718612
704,59256,225,sex with the enemy,1270120246
705,60072,225,action,1270913533
706,60072,225,assassin,1270913462
707,60072,225,brutal violence,1270913388
708,60072,225,gun fu,1270913498
709,60072,225,murder,1270913474
710,60072,225,plot twist,1270913549
711,60072,225,stylized violence,1270913519
712,60072,225,TOO much violence,1270913419
713,60072,225,twist,1270913539
714,60074,225,Amazing!,1270913695
715,60074,225,anti-hero,1270913656
716,60074,225,bad ending,1270913607
717,60074,225,better than expected,1270913620
718,60074,225,Charlize Theron,1270913624
719,60074,225,innovative,1270913668
720,60074,225,movie to see,1270913633
721,60074,225,plot twist,1270913636
722,60074,225,superhero,1270913640
723,60074,225,Will Smith,1270913731
724,60516,225,enjoyable,1270913597
725,60516,225,good laughs,1270913591
726,65567,225,twist,1270196420
727,65567,225,Unexpected Ending,1270196449
728,17,233,chick flick,1137238028
729,150,233,space program,1137238380
730,318,233,stephan king,1137238408
731,380,233,Special effects,1137238490
732,2997,233,off-beat comedy,1137238377
733,3114,233,Disney,1137238378
734,5349,233,Special effects,1137238491
735,44828,233,netflixq,1146550894
736,253,235,atmospheric,1513501380
737,253,235,based on a book,1513501378
738,253,235,cult classic,1513501374
739,253,235,homoerotic subtext,1513501200
740,920,235,anti-romantic ending,1513481960
741,920,235,racist,1513481924
742,4878,235,atmospheric,1513480488
743,4878,235,dreamlike,1513480492
744,4878,235,great soundtrack,1513480551
745,4878,235,original,1513480497
746,4878,235,philosophy,1513480508
747,4878,235,psychology,1513480495
748,4878,235,quirky,1513480483
749,4878,235,sci-fi,1513480506
750,4878,235,stylized,1513480501
751,4878,235,surreal,1513480481
752,4878,235,thought-provoking,1513480490
753,4878,235,time travel,1513480475
754,4878,235,weird,1513480472
755,31658,235,Studio Ghibli,1511746309
756,57669,235,black comedy,1511746338
757,57669,235,comedy,1511746351
758,57669,235,friendship,1511746340
759,122916,235,awesome,1511746557
760,122916,235,colorful,1511746548
761,122916,235,humor,1511746550
762,122916,235,Jeff Goldblum,1511746543
763,122916,235,Taika Waititi,1511746540
764,122916,235,unconventional,1511746554
765,1835,254,Heartbreaking,1539309703
766,1835,254,Sad,1539309694
767,103315,254,Sad,1539309740
768,260,257,classic sci-fi,1436899866
769,260,257,good vs evil,1436900162
770,356,257,funny,1436900341
771,356,257,great acting,1436900341
772,356,257,touching,1436900341
773,593,257,brilliant,1438189329
774,593,257,dark,1438189329
775,593,257,scary,1438189329
776,4720,257,atmospheric,1438190183
777,4720,257,ghosts,1438190163
778,4720,257,scary,1438190153
779,178,264,Bisexual,1543390250
780,178,264,Canadian,1543390204
781,178,264,dark comedy,1543390273
782,178,264,Distopian,1543390595
783,178,264,Indy,1543390219
784,178,264,Lgbt,1543390255
785,178,264,Mystery,1543390254
786,178,264,Thomas Gibson,1543390229
787,260,264,aliens,1543390134
788,260,264,oldie but goodie,1543390130
789,260,264,scifi cult,1543390105
790,260,264,space,1543390120
791,260,264,space adventure,1543390112
792,296,264,assassin,1543393395
793,296,264,Black comedy,1543393382
794,296,264,cult film,1543393377
795,296,264,dark comedy,1543393372
796,296,264,Quentin Tarantino,1543393375
797,296,264,stylized,1543393386
798,296,264,violence,1543393380
799,1203,264,classic,1543391348
800,1203,264,courtroom,1543391352
801,1203,264,courtroom drama,1543391342
802,1203,264,group psychology,1543391345
803,1203,264,Old,1543391366
804,1203,264,social commentary,1543391340
805,1203,264,thought-provoking,1543391338
806,1297,264,college,1543392578
807,1297,264,Geeks,1543392585
808,1297,264,nerds,1543392580
809,1297,264,smart comedy,1543392576
810,1297,264,teen comedy,1543392588
811,1297,264,witty,1543392582
812,1653,264,dystopia,1543393289
813,1653,264,dystopic future,1543393305
814,1653,264,future,1543393299
815,1653,264,futuristic,1543393320
816,1653,264,genetic selection,1543393313
817,1653,264,genetics,1543393292
818,1653,264,intelligent,1543393295
819,1653,264,powerful ending,1543393297
820,1653,264,space travel,1543393303
821,1653,264,thought-provoking,1543393291
822,1653,264,Uma Thurman,1543393300
823,1653,264,underdog,1543393325
824,1653,264,visually appealing,1543393294
825,1682,264,alternate reality,1543391521
826,1682,264,dark comedy,1543391516
827,1682,264,dystopia,1543391519
828,1682,264,Jim Carrey,1543391513
829,1682,264,mindfuck,1543391529
830,1682,264,poignant,1543391533
831,1682,264,reality TV,1543391537
832,1682,264,small town,1543391526
833,1735,264,based on a book,1543390987
834,1735,264,Bisexuality,1543391032
835,1735,264,Great soundtrack,1543391016
836,1735,264,Historic,1543390993
837,1735,264,Sexy,1543391002
838,1747,264,black comedy,1543390800
839,1747,264,comedy,1543390809
840,1747,264,conspiracy,1543390804
841,1747,264,corruption,1543390802
842,1747,264,cover up,1543390813
843,1747,264,political,1543390806
844,1747,264,politics,1543390799
845,1747,264,satire,1543390797
846,1747,264,unique,1543390822
847,1747,264,US President,1543390811
848,1923,264,crude humor,1543393684
849,1923,264,sexual,1543393688
850,1923,264,stupid,1543393690
851,1968,264,cliche,1543392684
852,1968,264,coming of age,1543392652
853,1968,264,coming-of-age,1543392655
854,1968,264,cult film,1543392648
855,1968,264,great music,1543392660
856,1968,264,John Hughes,1543392657
857,1968,264,overdramatic,1543392682
858,1968,264,school drama,1543392662
859,1968,264,teen,1543392646
860,1968,264,teen movie,1543392650
861,2169,264,Bromance,1543390879
862,2169,264,college,1543390862
863,2169,264,Comedy,1543390896
864,2599,264,black comedy,1543390703
865,2599,264,cynical,1543390695
866,2599,264,dark comedy,1543390683
867,2599,264,high school,1543390686
868,2599,264,Reese Witherspoon,1543390713
869,2599,264,satire,1543390693
870,2599,264,teen,1543390689
871,2706,264,comedy,1543391655
872,2706,264,funny,1543391650
873,2706,264,high school,1543391657
874,2706,264,sexuality,1543391653
875,2706,264,stereotypes,1543391667
876,2706,264,teen comedy,1543391658
877,2706,264,Teen movie,1543391663
878,2864,264,menage a trois,1543390315
879,2864,264,polygamy,1543390319
880,2888,264,guilty pleasure,1543390936
881,2888,264,high school,1543390932
882,2888,264,teen movie,1543390934
883,2918,264,1980s,1543392608
884,2918,264,breaking the fourth wall,1543392614
885,2918,264,charming,1543392620
886,2918,264,comedy,1543392603
887,2918,264,High School,1543392604
888,2918,264,rebellion,1543392612
889,2918,264,teen movie,1543392621
890,2959,264,complicated,1543391306
891,2959,264,mindfuck,1543391300
892,2959,264,violence,1543391295
893,3948,264,comedy,1543393650
894,3948,264,funny,1543393666
895,3948,264,funny moments,1543393663
896,3948,264,mean spirited,1543393659
897,3948,264,stupid,1543393653
898,4993,264,tolkien,1543390046
899,34319,264,cloning,1543390623
900,34319,264,dystopia,1543390617
901,34319,264,future,1543390626
902,34319,264,genetics,1543390629
903,34319,264,immortality,1543390630
904,35836,264,comedy,1543391704
905,35836,264,funny,1543391706
906,35836,264,geeks,1543391717
907,35836,264,hilarious,1543393726
908,35836,264,nerds,1543391716
909,35836,264,sex,1543391708
910,35836,264,sex comedy,1543393725
911,35836,264,steve carell,1543391703
912,42725,264,Jonah Hill,1543389991
913,42725,264,marijuana,1543389979
914,42725,264,Quotable,1543389994
915,42725,264,stoner,1543389976
916,42725,264,Stoner Movie,1543389989
917,42725,264,video game testers,1543389969
918,42725,264,video games,1543389986
919,47997,264,dark comedy,1543390484
920,47997,264,decline of civilization,1543390490
921,47997,264,dystopia,1543390469
922,47997,264,future,1543390486
923,47997,264,social commentary,1543390482
924,47997,264,thought provoking,1543390488
925,47997,264,Underrated,1543390505
926,54503,264,Coming of age,1543391627
927,54503,264,Coming-Of-Age,1543391620
928,54503,264,Emma Stone,1543391614
929,54503,264,friendship,1543391609
930,54503,264,funny,1543391630
931,54503,264,high school,1543391604
932,54503,264,HIGH SCHOOL LIFE,1543391622
933,54503,264,nerds,1543391611
934,54503,264,Teen movie,1543391607
935,55241,264,amy poehler,1543391957
936,55241,264,teacher,1543391960
937,58998,264,comedy,1543391742
938,58998,264,Hawaii,1543391746
939,58998,264,hilarious,1543391749
940,58998,264,Jason Segel,1543391744
941,58998,264,Kristen Bell,1543391754
942,58998,264,Mila Kunis,1543391756
943,58998,264,Paul Rudd,1543391747
944,59369,264,CIA,1543392276
945,59369,264,cynical,1543392290
946,59369,264,father daughter relationship,1543392273
947,59369,264,gritty,1543392287
948,59369,264,happy ending,1543392281
949,59369,264,human trafficking,1543392289
950,59369,264,kidnapping,1543392274
951,79592,264,buddy movie,1543391128
952,79592,264,funny,1543391131
953,79592,264,silly,1543391145
954,79592,264,spoof,1543391140
955,79592,264,subtle humor,1543391147
956,79592,264,Will Ferrell,1543391126
957,79702,264,awesome soundtrack,1543392481
958,79702,264,comedy,1543392493
959,79702,264,cultural references,1543392485
960,79702,264,geek,1543392502
961,79702,264,geeks,1543392497
962,79702,264,geeky,1543392483
963,79702,264,video games,1543392487
964,87485,264,high school,1543392086
965,87485,264,protagonist is a teacher,1543392100
966,87485,264,teacher,1543392094
967,87869,264,black comedy,1543393606
968,87869,264,jason bateman,1543393614
969,87869,264,Jennifer Aniston,1543393608
970,87869,264,murder,1543393616
971,87869,264,weak ending,1543393610
972,93510,264,bromance,1543391439
973,93510,264,Channing Tatum,1543391422
974,93510,264,comedy,1543391431
975,93510,264,drugs,1543391419
976,93510,264,high school,1543391416
977,93510,264,self-aware,1543391428
978,93510,264,undercover cops,1543391426
979,96110,264,election,1543392904
980,96110,264,funny,1543392912
981,96110,264,politics,1543392906
982,96110,264,satire,1543392908
983,96616,264,brother sister incest,1543392168
984,96616,264,comedy,1543392165
985,96616,264,teacher student sex,1543392159
986,112450,264,Amy Poehler,1543390398
987,112450,264,Cobie Smulders,1543390401
988,112450,264,Indy,1543390409
989,112450,264,Rom Com,1543390434
990,112450,264,Self deprecating,1543390431
991,119141,264,absurd,1543392879
992,119141,264,bromance,1543392864
993,119141,264,buddy movie,1543392875
994,119141,264,comedy,1543392866
995,119141,264,funny,1543392860
996,119141,264,Propaganda,1543392872
997,119141,264,satire,1543392862
998,129737,264,Absurd,1543391903
999,129737,264,Cross generational,1543391900
1000,129737,264,Funny,1543391907
1001,129737,264,Travel,1543391905
1002,129737,264,Workplace humor,1543391901
1003,131013,264,comedy,1543391071
1004,131013,264,funny,1543391068
1005,131013,264,hilarious,1543391078
1006,131013,264,kevin hart,1543391075
1007,131013,264,Reverse racism,1543391090
1008,131013,264,will ferrel,1543391073
1009,134393,264,cynical,1543391799
1010,134393,264,feminism,1543391792
1011,134393,264,Funny,1543391796
1012,134393,264,Romantic comedy,1543391801
1013,159093,264,overcomplicated,1543392382
1014,159093,264,Woody Harrelson,1543392384
1015,160980,264,true story,1543390529
1016,160980,264,uplifting,1543390540
1017,161922,264,Coming of Age,1543392725
1018,161922,264,Friendship,1543392737
1019,161922,264,High School,1543392727
1020,161922,264,Lgbt,1543392757
1021,161922,264,Outsider,1543392731
1022,161922,264,sibling relationship,1543392735
1023,161922,264,teen angst,1543392733
1024,187031,264,Bad Writing,1543393213
1025,187031,264,dinosaurs,1543393220
1026,187031,264,disaster,1543393225
1027,187031,264,franchise,1543393238
1028,187031,264,predictable,1543393209
1029,187031,264,unoriginal,1543393215
1030,187031,264,unrealistic,1543393229
1031,539,294,annoying kid,1551216619
1032,539,294,predictable,1551216628
1033,1407,294,funny,1502225023
1034,1407,294,parody,1502225036
1035,1407,294,slasher,1502225032
1036,1620,294,detective,1542152492
1037,1620,294,mystery,1542152500
1038,3111,294,1930s,1501418502
1039,3111,294,1935,1501418971
1040,3111,294,church,1501418864
1041,3111,294,cotton,1501418779
1042,3111,294,cotton farm,1501418854
1043,3111,294,debt,1501418901
1044,3111,294,extramarital affair,1501418685
1045,3111,294,farm,1501418796
1046,3111,294,female protagonist,1501419023
1047,3111,294,ku klux klan,1501418840
1048,3111,294,loss of husband,1501418662
1049,3111,294,period piece,1501419308
1050,3111,294,poverty,1501418806
1051,3111,294,racism,1501418468
1052,3111,294,rural setting,1501418788
1053,3111,294,small town,1501418698
1054,4661,294,nudity,1550366283
1055,7142,294,dance,1541112897
1056,7142,294,feel-good,1541112875
1057,7142,294,motivational,1541112889
1058,7142,294,music,1541112954
1059,26587,294,thought-provoking,1478904679
1060,76030,294,terrible-acting,1533452001
1061,92422,294,ghost story,1548199151
1062,92422,294,haunted house,1548199134
1063,162730,294,courtroom drama,1543621746
1064,162730,294,legal thriller,1543621728
1065,175155,294,conspiracy theory,1567714754
1066,175155,294,UFO,1567714784
1067,176371,294,atmospheric,1528055377
1068,177615,294,coming of age,1532190003
1069,177615,294,female bonding,1532190035
1070,177615,294,female protagonist,1532190010
1071,183837,294,beautiful,1554588071
1072,183837,294,witty,1554588053
1073,185991,294,exorcism,1541113161
1074,194238,294,bad acting,1541113287
1075,194238,294,ghosts,1541113272
1076,194238,294,haunted-house,1541113261
1077,194238,294,jumpscares,1541113216
1078,194238,294,siblings,1541113304
1079,195497,294,propaganda,1553818722
1080,197537,294,art,1550700939
1081,197537,294,artist,1550700833
1082,197537,294,dark comedy,1550700825
1083,197691,294,con man,1548264210
1084,197711,294,Doppelgänger,1554244692
1085,197711,294,Evil Doppelgänger,1554244695
1086,197711,294,horror,1554244616
1087,199223,294,atmospheric,1554847524
1088,199223,294,death,1554847576
1089,199223,294,Loss of child,1554847593
1090,199223,294,Stephen King,1554847520
1091,199223,294,zombies,1554847550
1092,201200,294,breakup,1556059730
1093,201200,294,feminist,1556059694
1094,201200,294,friends,1556059769
1095,201200,294,friendship,1556059765
1096,201200,294,girlfriends,1556059710
1097,201200,294,heartbreak,1556059802
1098,201200,294,lesbian,1556059714
1099,202429,294,film industry,1566393820
1100,202429,294,Hollywood,1566393809
1101,202429,294,movie industry,1566393841
1102,204692,294,mindfuck,1570485108
1103,109487,324,Visual effect,1434348336
1104,111759,324,action,1434348368
1105,185,327,computers,1499175230
1106,185,327,cyber-intimidation,1499175271
1107,185,327,hackers,1499175257
1108,185,327,hacking,1499175269
1109,185,327,internet,1499176884
1110,6810,327,domestic violence,1500285115
1111,260,339,oldie but goodie,1436842011
1112,260,339,space adventure,1436842026
1113,134853,339,family,1436888338
1114,134853,339,fun,1436888338
1115,134853,339,kids,1436888338
1116,260,354,cult classic,1439737617
1117,260,354,sci-fi,1439737606
1118,4878,357,schizophrenia,1389445939
1119,4878,357,sleep walking,1389445909
1120,4975,357,lucid dreaming,1407490866
1121,7044,357,dreamlike,1475904460
1122,72919,357,Bad acting,1388997229
1123,77455,357,Banksy,1389445428
1124,77455,357,hand-held camera,1389445404
1125,77455,357,philosophy of art,1389445541
1126,77455,357,social commentary,1389445624
1127,77455,357,street art,1389445575
1128,85367,357,made me laugh,1370066050
1129,85367,357,parody: horror film episodes,1370069024
1130,85367,357,satire: plastic surgery,1370067453
1131,85367,357,word play,1370067453
1132,89759,357,social commentary,1430458563
1133,93740,357,Ewan McGregor,1407655187
1134,93740,357,Funny,1407655231
1135,93740,357,Love story,1407655334
1136,97186,357,social commentary,1388005450
1137,97186,357,sport business,1388005648
1138,103075,357,childish,1387008387
1139,103075,357,sexist,1387008415
1140,104879,357,imprisonment,1403439606
1141,104879,357,multi-dimensional characters,1403439703
1142,104879,357,social commentary,1403439476
1143,104879,357,taking justice into own hands,1403439543
1144,107883,357,Loneliness,1438493677
1145,113378,357,humanity,1477200696
1146,113378,357,illogical,1477200667
1147,113378,357,plot holes,1477200622
1148,154432,357,nature,1475990809
1149,154432,357,strong female character,1475990771
1150,4865,378,Comics,1164182606
1151,4865,378,Horror,1164182587
1152,4865,378,Jack the Ripper,1164182589
1153,4865,378,Johnny Depp,1164182578
1154,4865,378,serial killer,1164182602
1155,4865,378,Thriller,1164182599
1156,3466,395,Classic,1319266354
1157,3466,395,Kyra Sedgwick,1319266386
1158,56367,395,Original,1319275081
1159,86882,395,French music,1319262952
1160,86882,395,implausible,1319262934
1161,86882,395,Paris,1319262892
1162,86882,395,Rachel McAdams,1319262903
1163,5418,402,Not spotting the obvious,1477866090
1164,5418,402,realistic action,1477866241
1165,5418,402,Wonderful director,1477866102
1166,6357,402,Bing Crosby,1335686335
1167,6357,402,Frank Sinatra,1335686334
1168,6357,402,jazz,1335686335
1169,6357,402,louis armstrong,1335686335
1170,6357,402,remake,1335686266
1171,6946,402,comedy,1527883797
1172,6946,402,evil-mastermind,1527883993
1173,6946,402,fourth-wall,1527883821
1174,6946,402,light,1527883842
1175,6946,402,spy,1527883897
1176,81020,402,animation,1333620095
1177,81020,402,based on a book,1335684983
1178,81020,402,clash of cultures,1333620095
1179,81020,402,film within a film,1333620362
1180,81020,402,life & death,1335685157
1181,81020,402,little dialogue,1335685031
1182,81020,402,Mona Achache,1374435293
1183,81020,402,music,1333620094
1184,81020,402,rebirth,1333620095
1185,102903,402,deception,1374431095
1186,102903,402,illusions,1374431046
1187,102903,402,magic,1374431082
1188,106002,402,Harrison Ford,1499256050
1189,106002,402,True to the book,1499256061
1190,112852,402,adventure,1478862916
1191,112852,402,fantasy,1478862934
1192,112852,402,great soundtrack,1478862936
1193,112852,402,Great Visuals,1478862913
1194,112852,402,Marvel Cinematic Universe,1478862908
1195,112852,402,sci-fi,1478862910
1196,115065,402,boy becomes a man,1422576521
1197,115065,402,comedy,1422576521
1198,115065,402,fantasy,1422576521
1199,115065,402,redemption,1422576521
1200,116803,402,china,1431427396
1201,116803,402,life philosophy,1431427396
1202,116803,402,mozi philosophy,1431427396
1203,116803,402,personal growth,1431427396
1204,116803,402,strong romantic subplot,1431427396
1205,116803,402,war strategy,1431427396
1206,122904,402,4th wall,1522705499
1207,122904,402,Adult,1522705591
1208,122904,402,antihero,1522705508
1209,122904,402,parody,1522705610
1210,122904,402,strong language,1522705494
1211,132977,402,animation,1430563318
1212,132977,402,family,1430563318
1213,132977,402,magic,1430563318
1214,132977,402,talking animals,1430563318
1215,152081,402,funny,1478642075
1216,2596,406,punk,1477190884
1217,7265,406,coming of age,1477191228
1218,7265,406,Incest,1477191237
1219,54341,406,art film,1477191295
1220,54341,406,coming of age,1477191278
1221,103048,406,coming of age,1477191011
1222,158336,406,Entertainment Industry,1477193560
1223,158336,406,K-Pop,1477193570
1224,750,411,ending kinda ruined it,1294314453
1225,81845,413,based on a true story,1457704191
1226,81845,413,great performances,1457704201
1227,81845,413,Oscar (Best Picture),1457704204
1228,589,416,robots,1153992848
1229,2640,416,sucks,1153992741
1230,6377,416,Nice,1153992819
1231,180,418,jason lee,1305043784
1232,180,418,Kevin Smith,1305043770
1233,180,418,view askew,1305043790
1234,968,418,zombies,1305043818
1235,1073,418,Gene Wilder,1305043733
1236,51255,418,Nick Frost,1305043711
1237,51255,418,Simon Pegg,1305043688
1238,68954,424,emotional,1454871057
1239,68954,424,motivational,1454871072
1240,120130,424,anime,1454871082
1241,120130,424,romance,1454871025
1242,143506,424,games,1454871017
1243,84137,426,BD-R,1452027022
1244,260,432,futuristic,1459529756
1245,260,432,space action,1459529771
1246,91529,432,superhero,1459529858
1247,84944,449,hallucinatory,1571793787
1248,84944,449,quirky style,1571793798
1249,184399,449,coming of age,1538936963
1250,184399,449,middle school,1538936974
1251,187541,449,Pixar,1529192116
1252,192385,449,lady gaga,1538937010
1253,192385,449,musical,1538937008
1254,8644,481,artificial intelligence,1471020293
1255,8644,481,funny,1471020336
1256,8644,481,futuristic,1471020299
1257,8644,481,intense,1471020318
1258,8644,481,sci-fi,1471020322
1259,8644,481,technology,1471020307
1260,8644,481,thought provoking,1471020303
1261,8644,481,Will Smith,1471020296
1262,47099,481,based on a true story,1470945864
1263,47099,481,courage,1470945880
1264,47099,481,inspirational,1470945873
1265,47099,481,Motivation,1470945868
1266,47099,481,reality,1470945893
1267,47099,481,Will Smith,1470945886
1268,47099,481,willpower,1470945884
1269,56174,481,different,1471020397
1270,56174,481,love,1471020418
1271,56174,481,persistence,1471020413
1272,56174,481,Post apocalyptic,1471020442
1273,56174,481,sci-fi,1471020389
1274,56174,481,survival,1471020457
1275,56174,481,virus,1471020440
1276,56174,481,Will Smith,1471020386
1277,68554,481,intense,1471020241
1278,68554,481,secrets,1471020230
1279,68554,481,thriller,1471020226
1280,68554,481,Tom Hanks,1471020218
1281,84152,481,Bradley Cooper,1471020903
1282,84152,481,cinematography,1471020997
1283,84152,481,concept,1471020937
1284,84152,481,drugs,1471020925
1285,84152,481,entertaining,1471020928
1286,84152,481,genius,1471020913
1287,84152,481,human potential,1471020922
1288,84152,481,screenplay,1471020954
1289,84152,481,smart,1471020898
1290,84152,481,smart drugs,1471020914
1291,84152,481,thought provoking,1471020900
1292,112552,481,inspirational,1470945644
1293,112552,481,inspiring,1470945648
1294,112552,481,intense,1470945693
1295,112552,481,motivation,1470945631
1296,112552,481,talent,1470945669
1297,112552,481,trying hard,1470945674
1298,116797,481,code breaking,1471020533
1299,116797,481,Computers,1471020531
1300,116797,481,cryptography,1471020528
1301,116797,481,genius,1471020539
1302,116797,481,inspirational,1471020549
1303,116797,481,intelligent,1471020542
1304,116797,481,intense,1471020578
1305,116797,481,mathematicians,1471020568
1306,116797,481,mathematics,1471020535
1307,117176,481,biography,1471020602
1308,117176,481,Eddie Redmayne,1471020712
1309,117176,481,emotional,1471020605
1310,117176,481,excellent acting,1471020624
1311,117176,481,excellent screenplay,1471020702
1312,117176,481,inspiring,1471020680
1313,117176,481,love,1471020607
1314,117176,481,motivational,1471020690
1315,117176,481,music,1471020641
1316,117176,481,physics,1471020709
1317,117176,481,science,1471020644
1318,117176,481,Stephen Hawking,1471020610
1319,117176,481,true love,1471020675
1320,117176,481,True story,1471020662
1321,122882,481,Intense,1470945826
1322,122882,481,interesting,1470945830
1323,122882,481,revenge as motive,1470945554
1324,122882,481,sci-fi,1470945621
1325,122904,481,Adult,1470945780
1326,122904,481,antihero,1470945790
1327,122904,481,Funny,1470945804
1328,122904,481,hilarious comedy,1470945776
1329,122904,481,love story,1470945808
1330,122904,481,superhero,1470945764
1331,142488,481,Intense,1470945705
1332,142488,481,investigation,1470945732
1333,142488,481,True Story,1470945710
1334,143385,481,Central Intelligence Agency,1471020160
1335,143385,481,intense,1471020176
1336,143385,481,thriller,1471020170
1337,143385,481,Tom Hanks,1471020183
1338,74228,489,surreal,1558768569
1339,74228,489,time loop,1558768564
1340,74228,489,time travel,1558768605
1341,171799,494,bad acting,1532808258
1342,1230,500,comedy,1138806611
1343,1230,500,dvd,1138806611
1344,1230,500,romantic,1138806611
1345,1230,500,sad,1138806611
1346,4848,500,art house,1138806681
1347,4848,500,dvd,1138806681
1348,4848,500,love this movie,1138806687
1349,4848,500,scaring greatSoundtrack davidLynch angeloBadalamenti thriller,1138806681
1350,296,521,Acting,1279793322
1351,296,521,Dialogs,1279793316
1352,296,521,Nothing,1279793308
1353,296,521,Short Stories,1279793332
1354,73860,538,coming-of-age,1422938317
1355,73860,538,mother-son relationship,1422938317
1356,73860,538,music,1422938317
1357,1391,542,parody,1551271928
1358,1625,542,twist ending,1540977496
1359,1974,542,cheesy,1561068893
1360,3409,542,cheesiness,1561068918
1361,4226,542,mindfuck,1566193188
1362,4226,542,mystery,1566193185
1363,4226,542,twist ending,1566193182
1364,5502,542,ridiculous,1561068874
1365,6059,542,twist ending,1561068761
1366,8957,542,mindfuck,1540977012
1367,8957,542,serial killer,1540977011
1368,8957,542,surprise ending,1540977009
1369,8957,542,twist ending,1540977006
1370,74458,542,atmospheric,1540968545
1371,74458,542,insanity,1540968552
1372,74458,542,Martin Scorsese,1540968546
1373,74458,542,mindfuck,1540968554
1374,74458,542,mystery,1540968550
1375,74458,542,psychological,1540968542
1376,74458,542,Psychological Thriller,1540968558
1377,74458,542,thought-provoking,1540968559
1378,74458,542,twist ending,1540968548
1379,112556,542,mindfuck,1541149229
1380,113741,542,intelligent,1561069015
1381,113741,542,mind bending,1561069013
1382,113741,542,mystery,1561069016
1383,113741,542,psychological,1561069018
1384,115680,542,time travel,1561068978
1385,115680,542,twist ending,1561068976
1386,197537,542,art,1549089264
1387,197537,542,spirit,1549089268
1388,197537,542,weird,1549089270
1389,318,562,freedom,1462467038
1390,318,562,hope,1462467042
1391,318,562,inspirational,1462467033
1392,3198,562,Freedom,1462467001
1393,3198,562,Hope,1462467005
1394,3198,562,inspirational,1462466996
1395,46976,562,surreal,1462467115
1396,46976,562,touching,1462467134
1397,745,563,Aardman,1242474069
1398,953,563,fantasy,1242469114
1399,1148,563,Aardman,1242474062
1400,1210,563,adventure,1242468929
1401,1210,563,Harrison Ford,1242468929
1402,1210,563,Star wars,1242468929
1403,1291,563,adventure,1242468798
1404,1291,563,Harrison Ford,1242468764
1405,3000,563,Hayao Miyazaki,1242468245
1406,5690,563,death,1242471324
1407,5690,563,sad,1242471324
1408,5690,563,Studio Ghibli,1242471287
1409,5690,563,tear jerker,1242471324
1410,5690,563,war,1242471324
1411,5971,563,anime,1242469600
1412,5971,563,Studio Ghibli,1242469611
1413,6350,563,adventure,1242471190
1414,6350,563,Studio Ghibli,1242471147
1415,7099,563,adventure,1242471208
1416,7099,563,classic,1242471208
1417,7099,563,strong female lead,1242471260
1418,7099,563,Studio Ghibli,1242471175
1419,8253,563,Hayao Miyazaki,1242471627
1420,26662,563,coming of age,1242471244
1421,26662,563,strong female lead,1242471244
1422,26662,563,Studio Ghibli,1242471221
1423,26776,563,adventure,1242469718
1424,26776,563,animation,1242469718
1425,26776,563,anime,1242469718
1426,26776,563,anime. miyazaki,1242469718
1427,26776,563,Studio Ghibli,1242469733
1428,27731,563,Studio Ghibli,1242469961
1429,31658,563,anime,1242469626
1430,31658,563,Studio Ghibli,1242469571
1431,37729,563,Tim Burton,1242470060
1432,38038,563,Aardman,1242469777
1433,38038,563,animation,1242469770
1434,55872,563,music,1242468116
1435,57504,563,Anime,1242469807
1436,59784,563,action,1242469945
1437,59784,563,comedy,1242469945
1438,59784,563,Jack Black,1242469945
1439,61160,563,action,1242470846
1440,61160,563,adventure,1242470846
1441,61160,563,animation,1242470846
1442,61160,563,star wars,1242470846
1443,65261,563,Hayao Miyazaki,1242470431
1444,68319,563,Comic Book adaption,1242472812
1445,68319,563,Marvel,1242472866
1446,68319,563,superhero,1242472825
1447,318,573,comedy,1430546425
1448,318,573,entertaining,1430546425
1449,318,573,masterpiece,1430546425
1450,121372,573,stand up,1430546332
1451,55895,590,VistaVision,1238961598
1452,165,595,action,1441488758
1453,165,595,bruce willis,1441488746
1454,377,595,intense,1441488806
1455,377,595,tense,1441488802
1456,377,595,Thriller,1441488808
1457,1385,595,action,1441488781
1458,1625,595,Mystery,1441488950
1459,1625,595,psychological,1441488961
1460,1625,595,suspense,1441488957
1461,1625,595,the twists in the plot,1441488954
1462,1625,595,twist ending,1441488948
1463,2762,595,enigmatic,1441488839
1464,2762,595,great ending,1441488860
1465,2762,595,suspense,1441488853
1466,2762,595,unpredictable,1441488851
1467,4226,595,dreamlike,1441488541
1468,4226,595,mystery,1441488559
1469,4226,595,psychological,1441488552
1470,4720,595,alternate reality,1441489090
1471,4720,595,supernatural,1441489078
1472,4720,595,twist ending,1441489071
1473,5388,595,psychological,1441488679
1474,6870,595,mystery,1441488602
1475,6870,595,thriller,1441488611
1476,6870,595,twist ending,1441488605
1477,5952,605,morality,1158734267
1478,110,610,epic,1432234174
1479,110,610,historical,1432234185
1480,110,610,Medieval,1432234179
1481,110,610,war,1432234188
1482,260,610,action,1432232205
1483,260,610,space opera,1432232195
1484,293,610,crime,1432686816
1485,293,610,disturbing,1432686799
1486,293,610,touching,1432686809
1487,318,610,based on a book,1432232749
1488,318,610,classic,1432232774
1489,318,610,great acting,1432232742
1490,318,610,Morgan Freeman,1432232761
1491,318,610,thought-provoking,1432232731
1492,356,610,american history,1432232690
1493,356,610,drama,1432232690
1494,356,610,vietnam war,1432232690
1495,899,610,Dance,1432686749
1496,953,610,Christmas,1432686685
1497,953,610,Heartwarming,1432686688
1498,953,610,inspirational,1432686692
1499,953,610,sentimental,1432686695
1500,1080,610,Biblical,1432233231
1501,1080,610,black comedy,1432233246
1502,1080,610,British,1432233220
1503,1080,610,british comedy,1432233227
1504,1080,610,controversial,1432233242
1505,1080,610,Monty Python,1432233213
1506,1080,610,satire,1432233238
1507,1217,610,Akira Kurosawa,1432382848
1508,1217,610,atmospheric,1432382851
1509,1249,610,French,1432673421
1510,1249,610,stylish,1432673416
1511,1288,610,farce,1432233323
1512,1288,610,mockumentary,1432233310
1513,1288,610,music business,1432233316
1514,1289,610,no dialogue,1432934670
1515,1289,610,no narrative,1432934665
1516,1924,610,Edward D. Wood Jr.,1432233929
1517,1924,610,so bad it's funny,1432233926
1518,1924,610,so bad it's good,1432233923
1519,2019,610,Akira Kurosawa,1432232937
1520,2019,610,atmospheric,1432232939
1521,2019,610,epic,1432232931
1522,2019,610,historical,1432232934
1523,2019,610,long,1432232928
1524,2019,610,samurai,1432232924
1525,2019,610,toshiro mifune,1432232949
1526,2232,610,bad acting,1432671648
1527,2232,610,existentialism,1432671635
1528,2232,610,mathematics,1432671615
1529,2232,610,mindfuck,1432671623
1530,2232,610,original,1432671627
1531,2232,610,psychological,1432671613
1532,2232,610,psychology,1432671617
1533,2232,610,scifi,1432671625
1534,2232,610,survival horror,1432671653
1535,2232,610,weird,1432671619
1536,2700,610,free speech,1432692438
1537,2700,610,quirky,1432692450
1538,2700,610,satire,1432692446
1539,2916,610,memory,1432234545
1540,2916,610,sci-fi,1432234541
1541,2916,610,space travel,1432234560
1542,3000,610,adventure,1432232875
1543,3000,610,anti-war,1432232864
1544,3000,610,atmospheric,1432232887
1545,3000,610,dystopia,1432232878
1546,3000,610,Hayao Miyazaki,1432232890
1547,3000,610,history,1432232895
1548,3000,610,nature,1432232868
1549,3000,610,talking animals,1432232881
1550,3000,610,wilderness,1432232884
1551,3030,610,Akira Kurosawa,1432405908
1552,3030,610,Toshiro Mifune,1432405905
1553,3328,610,deadpan,1432673353
1554,3328,610,hip hop,1432673357
1555,3328,610,stylized,1432673365
1556,3328,610,witty,1432673371
1557,3703,610,dystopia,1432408754
1558,3703,610,lone hero,1432408769
1559,3703,610,post-apocalyptic,1432408752
1560,3996,610,buddhism,1432235566
1561,3996,610,china,1432232477
1562,4634,610,clever,1432691035
1563,4634,610,penn jilette,1432691022
1564,4634,610,sad ending,1432691032
1565,4634,610,teller,1432691028
1566,6995,610,so bad it's funny,1432234019
1567,6995,610,so bad it's good,1432234010
1568,7099,610,anime,1432934493
1569,7099,610,comic book,1432934500
1570,7099,610,stylized,1432934497
1571,7669,610,author:Jane Austen,1432233865
1572,7669,610,comedy of manners,1432233879
1573,7925,610,Akira Kurosawa,1432382880
1574,7925,610,Toshiro Mifune,1432382883
1575,8376,610,awkward,1432690925
1576,8376,610,off-beat comedy,1432690923
1577,8376,610,quirky,1432690932
1578,8641,610,Steve Carell,1432690983
1579,8641,610,Will Ferrell,1432690980
1580,26602,610,norwegian,1432690666
1581,26602,610,saami,1432690687
1582,26602,610,skiing,1432690727
1583,27773,610,brutal,1432233124
1584,27773,610,depressing,1432233084
1585,27773,610,incest,1432233140
1586,27773,610,music,1432233128
1587,27773,610,Nudity (Full Frontal),1432233116
1588,27773,610,stylized,1432233099
1589,27773,610,vengeance,1432233136
1590,27773,610,violent,1432233108
1591,44191,610,dark,1432234413
1592,44191,610,dystopia,1432234404
1593,44191,610,philosophy,1432234411
1594,44191,610,thought-provoking,1432234406
1595,55908,610,Excellent use of dialogue,1432232377
1596,55908,610,history,1432232383
1597,55908,610,immortality,1432232362
1598,55908,610,intellectual,1432232353
1599,55908,610,philosophical,1432232347
1600,55908,610,thought-provoking,1432232350
1601,57669,610,ambiguous ending,1432258366
1602,57669,610,dark,1432258384
1603,57669,610,depression,1432258380
1604,57669,610,drugs,1432258387
1605,57669,610,stylized,1432258373
1606,57669,610,suicide,1432258348
1607,58084,610,ambiguous ending,1432686169
1608,66934,610,musical,1432233387
1609,68237,610,artificial intelligence,1432234479
1610,68237,610,death,1432234510
1611,68237,610,dialogue driven,1432234495
1612,68237,610,dystopia,1432234476
1613,68237,610,future,1432234526
1614,68237,610,mindfuck,1432234520
1615,68237,610,psychology,1432234473
1616,68237,610,Sci-fi,1432234469
1617,68237,610,science,1432234465
1618,68237,610,space,1432234471
1619,68237,610,technology,1432234516
1620,68237,610,thought-provoking,1432234492
1621,68237,610,twist ending,1432234485
1622,82242,610,Finnish,1432690595
1623,85412,610,mythology,1432690557
1624,85412,610,norwegian,1432690563
1625,117533,610,anti-authoritarian,1432673538
1626,117533,610,computers,1432673446
1627,117533,610,edward snowden,1432673448
1628,117533,610,informative,1432673451
1629,117533,610,nonfiction,1432673453
1630,7624,613,cute boys,1137459419
1631,589,619,action,1432498478
1632,589,619,apocalypse,1432498511
1633,589,619,artificial intelligence,1432498468
1634,589,619,computers,1432498513
1635,589,619,cyborgs,1432498476
1636,589,619,dystopia,1432498448
1637,589,619,future,1432498477
1638,589,619,nuclear war,1432498470
1639,589,619,sci-fi,1432498505
1640,589,619,Suspense,1432498510
1641,589,619,time travel,1432498480
1642,1240,619,Action,1432498554
1643,1240,619,artificial intelligence,1432498552
1644,1240,619,future,1432498566
1645,1240,619,time travel,1432498560
1646,4993,619,Adventure,1432498648
1647,4993,619,high fantasy,1432498654
1648,4993,619,music,1432498651
1649,4993,619,tolkien,1432498646
1650,4993,619,wizards,1432498645
1651,109848,619,nudity (full frontal),1432500697
1652,109848,619,Scarlett Johansson,1432500700
1653,110407,619,artificial intelligence,1432500577
1654,111360,619,fast paced action,1432500511
1655,111360,619,Scarlett Johansson,1432500502
1656,111360,619,scifi,1432500507
1657,112556,619,mindfuck,1435529777
1658,112556,619,Psychopathy,1435529775
1659,112556,619,unpredictable,1435529773
1660,114935,619,time travel,1435432834
1661,114935,619,twist ending,1435432837
1662,2947,635,007,1447031594
1663,2947,635,action,1447031597
1664,2947,635,Bond,1447031592
1665,2947,635,james bond,1447031590
1666,2947,635,Sean Connery,1447031596
1667,2947,635,Spy Thriller,1447031599
1668,4007,635,business,1447031766
1669,4007,635,corporate America,1447031772
1670,4007,635,Michael Douglas,1447031758
1671,4007,635,stock market,1447031759
1672,4007,635,US history,1447031767
1673,49272,635,007,1447031550
1674,49272,635,Daniel Craig,1447031555
1675,49272,635,espionage,1447031544
1676,49272,635,James Bond,1447031538
1677,49272,635,poker,1447031552
1678,49272,635,spies,1447031562
1679,49272,635,spy,1447031560
1680,102407,635,1920s,1447031657
1681,102407,635,beautiful,1447031660
1682,102407,635,F. Scott Fitzgerald,1447031669
1683,102407,635,Leonardo DiCaprio,1447031654
1684,106782,635,Funny,1447031821
1685,106782,635,Leonardo DiCaprio,1447031812
1686,106782,635,Martin Scorsese,1447031814
1687,106782,635,Nudity (Full Frontal),1447031819
1688,106782,635,Nudity (Topless),1447031841
1689,106782,635,prostitution,1447031830
1690,106782,635,Stock Market,1447031831
1691,106782,635,Wall Street,1447031825
1692,316,647,atmospheric,1329513399
1693,316,647,guilty pleasure,1329513389
1694,316,647,mythology,1329513404
1695,316,647,time travel,1329513386
1696,924,647,artificial intelligence,1330509062
1697,924,647,atmospheric,1330509077
1698,924,647,philosophical,1330509072
1699,924,647,space,1330509083
1700,1197,647,comedy,1329513503
1701,1197,647,fairy tale,1329513501
1702,1197,647,witty,1329513512
1703,1199,647,black comedy,1506028819
1704,1199,647,bureaucracy,1506028840
1705,1199,647,cerebral,1506028835
1706,1199,647,dark comedy,1506028824
1707,1199,647,dreamlike,1506028826
1708,1199,647,dystopia,1506028821
1709,1199,647,quirky,1506028837
1710,1199,647,satire,1506028829
1711,1199,647,satirical,1506028836
1712,1199,647,sci-fi,1506028830
1713,1199,647,stylized,1506028833
1714,1199,647,surreal,1506028823
1715,1199,647,thought-provoking,1506028845
1716,1199,647,visually appealing,1506028831
1717,1199,647,weird,1506028844
1718,1584,647,existentialism,1329580733
1719,1584,647,space travel,1329580724
1720,1625,647,mindfuck,1450216249
1721,1625,647,Mystery,1450216281
1722,1625,647,neo-noir,1450216274
1723,1625,647,psychological,1450216280
1724,1625,647,twist ending,1450216241
1725,1876,647,apocalypse,1329594453
1726,1876,647,astronomy,1329594471
1727,1876,647,catastrophe,1329594456
1728,1876,647,natural disaster,1329594476
1729,1968,647,coming of age,1524493875
1730,1968,647,coming-of-age,1524493879
1731,1968,647,detention,1524493900
1732,1968,647,teen movie,1524493862
1733,2232,647,existentialism,1450215914
1734,2232,647,mindfuck,1450215921
1735,2232,647,scifi,1450215918
1736,2571,647,alternate reality,1329597866
1737,2571,647,artificial intelligence,1329597868
1738,2571,647,cyberpunk,1329597834
1739,2571,647,dystopia,1329597837
1740,2571,647,philosophical,1329597847
1741,2571,647,philosophy,1329597859
1742,2571,647,sci-fi,1329597864
1743,2571,647,virtual reality,1329597862
1744,4226,647,memory,1330429046
1745,4226,647,psychology,1330429042
1746,4226,647,stylized,1330429049
1747,4226,647,twist ending,1330429033
1748,5903,647,Amazing Cinematography,1524493446
1749,5903,647,dystopia,1524493437
1750,5903,647,fascism,1524493449
1751,5903,647,post-apocalyptic,1524493439
1752,5903,647,predictable,1524493457
1753,5903,647,sci-fi,1524493443
1754,5903,647,stylized violence,1524493451
1755,5903,647,thought-provoking,1524493442
1756,5903,647,totalitarianism,1524493433
1757,27402,647,H.P. Lovecraft,1506807280
1758,27402,647,Lovecraftian mythology,1506807282
1759,27904,647,cyberpunk,1509056887
1760,27904,647,Philip K. Dick,1509056842
1761,27904,647,visually appealing,1509056888
1762,34405,647,dystopia,1329513303
1763,34405,647,space,1329513296
1764,34405,647,witty,1329513297
1765,48780,647,complicated,1330057163
1766,48780,647,teleportation,1330057166
1767,48780,647,twist ending,1330057156
1768,54962,647,alternate reality,1524493512
1769,54962,647,multiple storylines,1524493512
1770,54962,647,thought-provoking,1524493516
1771,54962,647,twist ending,1524493515
1772,60684,647,alternate history,1418242297
1773,60684,647,alternate reality,1329513328
1774,60684,647,author:Alan Moore,1418242289
1775,60684,647,cinematography,1329513372
1776,60684,647,dystopia,1329513325
1777,60684,647,great soundtrack,1329513343
1778,60684,647,music,1329513362
1779,60684,647,Nudity (Topless),1418242286
1780,60684,647,sci-fi,1418242278
1781,60684,647,social commentary,1329513369
1782,60684,647,superhero,1418242271
1783,60684,647,visually appealing,1418242273
1784,61024,647,buddy movie,1418242165
1785,61024,647,comedy,1418242176
1786,61024,647,Danny McBride,1418242189
1787,61024,647,James Franco,1418242172
1788,61132,647,parody,1340992291
1789,61132,647,Robert Downey Jr.,1340992289
1790,61132,647,satire,1340992293
1791,61132,647,satire:Hollywood insiders,1340992307
1792,62376,647,atmosphere,1503264485
1793,62376,647,post-apocalyptic,1503264483
1794,62376,647,steampunk,1503264479
1795,62376,647,stylistic,1503264481
1796,63033,647,epidemic,1524494222
1797,63033,647,good concept,1524494213
1798,63033,647,Saramago,1524494220
1799,69757,647,artistic,1330350800
1800,69757,647,Funny,1330350823
1801,69757,647,humor,1330350815
1802,69757,647,humorous,1330350819
1803,69757,647,intelligent,1330350826
1804,69757,647,quirky,1330350829
1805,69757,647,stylized,1330350836
1806,69951,647,alternate reality,1330270063
1807,69951,647,escapism,1330270069
1808,69951,647,hanging,1330270069
1809,69951,647,Johnny Depp,1330270059
1810,73017,647,dialogue,1329513433
1811,73017,647,Robert Downey Jr.,1329513424
1812,73017,647,Victorian era,1329513437
1813,74228,647,atmospheric,1451857597
1814,74228,647,cerebral,1463829261
1815,74228,647,mystery,1451857596
1816,74228,647,puzzle,1451857611
1817,74228,647,sci fi,1451857609
1818,74228,647,scifi,1451857614
1819,74228,647,strong female lead,1451857607
1820,74228,647,Surreal,1451857592
1821,74228,647,time loop,1451857594
1822,74228,647,time travel,1451857601
1823,74228,647,twist ending,1451857600
1824,74228,647,twists & turns,1451857604
1825,74458,647,atmospheric,1507498674
1826,74458,647,ending twist,1507498676
1827,74458,647,insanity,1507498671
1828,74458,647,Mental Institution,1507498687
1829,74458,647,mindfuck,1507498665
1830,74458,647,plot twist,1507498673
1831,74458,647,psychological,1507498663
1832,74458,647,reality or imagination?,1507498682
1833,74458,647,twist ending,1507498669
1834,74458,647,twisted ending,1507498667
1835,79702,647,funny,1329513470
1836,79702,647,quirky,1329513466
1837,79702,647,stylized,1329513449
1838,79702,647,video games,1329513450
1839,79702,647,visually appealing,1329513460
1840,85510,647,Cinematography,1347813535
1841,85510,647,insanity,1347813531
1842,85510,647,mindfuck,1347813529
1843,85510,647,reality or imagination?,1347813527
1844,85510,647,stylized,1347813539
1845,85510,647,Surreal,1347813541
1846,89745,647,great humor,1336041239
1847,89745,647,great screenplay,1336041234
1848,89745,647,joss whedon,1336041220
1849,89745,647,Robert Downey Jr.,1336041214
1850,90403,647,airships,1490543782
1851,90403,647,steampunk,1490543784
1852,91529,647,Anne Hathaway,1345635188
1853,91529,647,Christian Bale,1345635195
1854,91529,647,Christopher Nolan,1345635174
1855,91529,647,great ending,1345635178
1856,91529,647,plot twist,1345635182
1857,91658,647,atheism,1349865172
1858,91658,647,David Fincher,1349865156
1859,91658,647,mystery,1349865158
1860,91658,647,suspense,1349865159
1861,93805,647,chaotic,1524494094
1862,93805,647,parody,1524494102
1863,93805,647,steampunk,1340559641
1864,93805,647,unpredictable,1524494093
1865,93840,647,clever,1334797193
1866,93840,647,funny,1334797186
1867,93840,647,joss whedon,1334796951
1868,93840,647,meta,1334796899
1869,93840,647,original,1334797202
1870,93840,647,original plot,1334797191
1871,96821,647,awkward situations,1535565466
1872,96821,647,bittersweet,1535565454
1873,96821,647,coming of age,1535565449
1874,96821,647,depression,1535565456
1875,96821,647,Suicide,1535565457
1876,96821,647,touching,1535565452
1877,99007,647,comedic horror,1361057710
1878,99007,647,cured by love/hope,1361057689
1879,99007,647,unconventional,1361057707
1880,99007,647,unconventional zombies,1361057700
1881,99007,647,zombies,1361057693
1882,99114,647,Funny,1361057411
1883,99114,647,Great performances,1361057414
1884,99114,647,Leonardo DiCaprio,1361057409
1885,99114,647,Quentin Tarantino,1361057405
1886,99114,647,Samuel L. Jackson,1361057407
1887,100163,647,entertaining concept,1507498730
1888,100163,647,Nudity (Topless),1507498723
1889,100163,647,steampunk,1507498719
1890,102123,647,apocalypse,1418242228
1891,102123,647,Danny McBride,1418242240
1892,102123,647,James Franco,1418242231
1893,102123,647,Michael Cera,1418242226
1894,102125,647,Gwyneth Paltrow,1368444251
1895,102125,647,humour,1368444250
1896,102125,647,Iron Man,1368444254
1897,102125,647,Robert Downey Jr.,1368444247
1898,102125,647,Shane Black,1368444273
1899,103306,647,aliens,1524494007
1900,103306,647,Found footage,1490531370
1901,103306,647,hard science fiction,1490531344
1902,103306,647,lovecraftian,1524494017
1903,103306,647,non-sequential,1524494011
1904,103306,647,realistic sci-fi,1524494225
1905,103306,647,space,1490531363
1906,103306,647,visually stunning,1490531359
1907,107406,647,dystopia,1490526736
1908,107406,647,Plot twist,1490526746
1909,107406,647,post-apocalyptic,1450216147
1910,107406,647,sci-fi,1450216158
1911,107406,647,social commentary,1450216144
1912,110591,647,horror,1441980497
1913,110591,647,Lovecraftian,1490529506
1914,110591,647,mindfuck,1441980498
1915,110675,647,romance,1524493800
1916,111360,647,bad science,1490531584
1917,111360,647,dumb science,1490531583
1918,111360,647,transhumanist,1490531589
1919,112868,647,aliens,1524493941
1920,112868,647,convoluted,1524493934
1921,112868,647,cybernetics,1526117285
1922,112868,647,twist ending,1526117289
1923,113741,647,intelligent,1450215896
1924,113741,647,low-budget sci fi,1463829302
1925,113741,647,mind bending,1450215890
1926,113741,647,multiverse,1463829300
1927,113741,647,mystery,1450215893
1928,113741,647,parallel universe,1450215897
1929,113741,647,sci-fi,1451857647
1930,115713,647,AI,1450216024
1931,115713,647,philosophical,1450216013
1932,115713,647,sci-fi,1450215999
1933,115713,647,thought provoking,1450216015
1934,122882,647,action,1450216079
1935,122882,647,dystopian,1450216104
1936,122882,647,post apocalypse,1450216078
1937,122882,647,post apocalyptic,1450216091
1938,122882,647,sci-fi,1450216092
1939,122882,647,Tom Hardy,1450216123
1940,122882,647,visually appealing,1450216082
1941,122886,647,Exploited,1463829184
1942,122886,647,Fan service,1452593636
1943,122886,647,female protagonist,1452593643
1944,122886,647,Plot Recycling,1452593631
1945,122886,647,recycled plot,1463829190
1946,122886,647,Star Wars,1452593648
1947,122886,647,strong female lead,1463829222
1948,122886,647,unoriginal,1463829187
1949,122904,647,4th wall,1456184866
1950,122904,647,dark humor,1456184864
1951,122904,647,Funny,1456184858
1952,122904,647,x-men,1456184853
1953,122906,647,afrofuturism,1524493966
1954,122906,647,colonialism,1524493958
1955,122906,647,Marvel,1524493962
1956,122906,647,MCU,1524493960
1957,122906,647,social commentary,1524493985
1958,122912,647,busy plot,1524997748
1959,122912,647,cliffhanger,1524997766
1960,122912,647,emotional,1524997759
1961,122912,647,genocide,1524997758
1962,122912,647,Marvel,1524997741
1963,122912,647,MCU,1524997736
1964,122912,647,Robert Downey Jr.,1524997739
1965,122912,647,slow burn,1524997750
1966,122912,647,Thanos,1524997737
1967,122912,647,time travel,1524997743
1968,127202,647,coming of age,1537120581
1969,140956,647,Pop culture,1524493808
1970,140956,647,Steven Spielberg,1524493817
1971,140956,647,steven spilberg,1524493815
1972,140956,647,virtual reality,1524493806
1973,140956,647,Visually appealing,1524493810
1974,142598,647,cult,1542496568
1975,142598,647,satanism,1542496570
1976,142598,647,supernatural,1542496562
1977,164179,647,Aliens,1505599568
1978,164179,647,beautiful visuals,1505599566
1979,164179,647,Cerebral,1505599577
1980,164179,647,Cerebral Sci-Fi,1505599588
1981,164179,647,communication,1505599585
1982,164179,647,extraterrestrial,1505599597
1983,164179,647,fatalist,1505599604
1984,164179,647,first contact,1505599583
1985,164179,647,good cinematography,1505599616
1986,164179,647,great aliens,1505599614
1987,164179,647,language,1505599581
1988,164179,647,linguistics,1505599560
1989,164179,647,nonlinear,1505599621
1990,164179,647,nonlinear timeline,1505599576
1991,164179,647,plot twist,1505599561
1992,164179,647,Sci-fi,1505599556
1993,164179,647,scientist,1505599590
1994,164179,647,sense of awe,1505599593
1995,164179,647,smart,1505599587
1996,164179,647,thought-provoking,1505599563
1997,164179,647,thoughtful sci-fi,1505599558
1998,164179,647,time loop,1505599617
1999,164179,647,time travel,1505599565
