,Unnamed: 0,genre_action,genre_adventure,genre_animation,genre_comedy,genre_crime,genre_documentary,genre_drama,genre_family,genre_fantasy,genre_foreign,genre_history,genre_horror,genre_music,genre_mystery,genre_romance,genre_science fiction,genre_tv movie,genre_thriller,genre_war,genre_western
0,0,0,0,1,1,0,0,0,1,0,0,0,0,0,0,0,0,0,0,0,0
1,1,0,1,0,0,0,0,0,1,1,0,0,0,0,0,0,0,0,0,0,0
2,2,0,0,0,1,0,0,0,0,0,0,0,0,0,0,1,0,0,0,0,0
3,3,0,0,0,1,0,0,1,0,0,0,0,0,0,0,1,0,0,0,0,0
4,4,0,0,0,1,0,0,0,0,0,0,0,0,0,0,0,0,0,0,0,0
5,5,1,0,0,0,1,0,1,0,0,0,0,0,0,0,0,0,0,1,0,0
6,6,0,0,0,1,0,0,0,0,0,0,0,0,0,0,1,0,0,0,0,0
7,7,1,1,0,0,0,0,1,1,0,0,0,0,0,0,0,0,0,0,0,0
8,8,1,1,0,0,0,0,0,0,0,0,0,0,0,0,0,0,0,1,0,0
9,9,1,1,0,0,0,0,0,0,0,0,0,0,0,0,0,0,0,1,0,0
10,10,0,0,0,1,0,0,1,0,0,0,0,0,0,0,1,0,0,0,0,0
11,11,0,0,0,1,0,0,0,0,0,0,0,1,0,0,0,0,0,0,0,0
12,12,0,1,1,0,0,0,0,1,0,0,0,0,0,0,0,0,0,0,0,0
13,13,0,0,0,0,0,0,1,0,0,0,1,0,0,0,0,0,0,0,0,0
14,14,1,1,0,0,0,0,0,0,0,0,0,0,0,0,0,0,0,0,0,0
15,15,0,0,0,0,1,0,1,0,0,0,0,0,0,0,0,0,0,0,0,0
16,16,0,0,0,0,0,0,1,0,0,0,0,0,0,0,1,0,0,0,0,0
17,17,0,0,0,1,1,0,0,0,0,0,0,0,0,0,0,0,0,0,0,0
18,18,0,1,0,1,1,0,0,0,0,0,0,0,0,0,0,0,0,0,0,0
19,19,1,0,0,1,1,0,0,0,0,0,0,0,0,0,0,0,0,0,0,0
20,20,0,0,0,1,1,0,0,0,0,0,0,0,0,0,0,0,0,1,0,0
21,21,0,0,0,0,0,0,1,0,0,0,0,0,0,0,0,0,0,1,0,0
22,22,1,1,0,0,1,0,0,0,0,0,0,0,0,0,0,0,0,1,0,0
23,23,0,0,0,0,0,0,1,0,1,0,0,0,0,0,0,1,0,1,0,0
24,24,0,0,0,0,0,0,1,0,0,0,0,0,0,0,1,0,0,0,0,0
25,25,0,0,0,0,0,0,1,0,0,0,0,0,0,0,0,0,0,0,0,0
26,26,0,0,0,1,0,0,1,1,0,0,0,0,0,0,0,0,0,0,0,0
27,27,0,0,0,0,0,0,1,0,0,0,0,0,0,0,1,0,0,0,0,0
28,28,0,1,0,0,0,0,0,0,1,0,0,0,0,0,0,1,0,0,0,0
29,29,0,0,0,0,1,0,1,0,0,0,0,0,0,0,0,0,0,0,0,0
30,30,0,0,0,0,1,0,1,0,0,0,0,0,0,0,0,0,0,0,0,0
31,31,0,0,0,0,0,0,0,0,0,0,0,0,0,1,0,1,0,1,0,0
32,32,0,1,0,0,0,0,0,0,0,0,0,0,0,0,1,0,0,0,0,0
33,33,0,0,0,1,0,0,1,1,1,0,0,0,0,0,0,0,0,0,0,0
34,34,0,0,0,0,0,0,1,0,0,0,1,0,0,0,1,0,0,0,0,0
35,35,0,0,0,0,0,0,1,0,0,0,0,0,0,0,0,0,0,0,0,0
36,36,0,1,0,0,0,0,1,1,0,0,1,0,0,0,0,0,0,0,0,0
37,37,0,0,0,1,0,0,0,1,0,0,0,0,0,0,1,0,0,0,0,0
38,38,0,0,0,1,0,0,1,0,0,0,0,0,0,0,1,0,0,0,0,0
39,39,0,0,0,0,0,0,1,0,0,0,0,0,0,0,0,0,0,0,0,0
40,40,0,0,0,0,0,0,1,0,0,0,0,0,0,0,0,0,0,0,1,0
41,41,1,0,0,0,1,0,1,0,0,0,1,0,0,0,0,0,0,0,0,0
42,42,0,0,0,0,0,0,1,0,0,0,0,0,0,0,1,0,0,0,0,0
43,43,1,0,0,0,0,0,0,0,1,0,0,0,0,0,0,0,0,0,0,0
44,44,0,0,0,1,0,0,1,0,1,0,0,0,0,0,0,0,0,1,0,0
45,45,0,0,0,0,0,0,1,0,0,0,0,0,0,0,1,0,0,0,0,0
46,46,0,0,0,0,1,0,0,0,0,0,0,0,0,1,0,0,0,1,0,0
47,47,0,1,1,0,0,0,1,1,0,0,0,0,0,0,0,0,0,0,0,0
48,48,0,0,0,0,0,0,1,0,0,0,0,0,0,0,1,0,0,0,0,0
49,49,0,0,0,0,1,0,1,0,0,0,0,0,0,0,0,0,0,1,0,0
50,50,1,0,0,0,0,0,1,0,0,0,0,0,0,0,0,0,0,1,0,0
51,51,0,0,0,1,0,0,0,0,0,0,0,0,0,0,1,0,0,0,0,0
52,52,0,0,0,0,0,0,1,0,0,1,0,0,0,0,0,0,0,0,0,0
53,53,1,1,0,1,0,0,0,1,0,0,0,0,0,0,0,0,0,0,0,0
54,54,0,0,0,0,0,0,1,0,0,0,0,0,0,0,0,0,0,0,0,0
55,56,0,0,0,1,0,0,1,0,0,0,0,0,0,0,1,0,0,0,0,0
56,57,0,0,0,1,0,0,1,0,0,0,0,0,0,0,1,0,0,0,0,0
57,58,0,0,0,0,0,0,1,0,0,0,0,0,0,1,0,0,0,1,0,0
58,59,0,1,0,0,0,0,0,1,1,0,0,0,0,0,0,0,0,0,0,0
59,60,0,0,0,0,0,0,1,0,0,0,0,0,0,0,0,0,0,1,0,0
60,61,0,0,0,0,0,0,1,1,0,0,0,0,1,0,0,0,0,0,0,0
61,62,0,0,0,1,0,0,0,0,0,0,0,0,0,0,0,0,0,0,0,0
62,63,0,0,0,1,0,0,0,0,0,0,0,0,0,0,1,0,0,0,0,0
63,64,0,0,0,1,0,0,0,0,0,0,0,0,0,0,0,0,0,0,0,0
64,65,1,0,0,0,0,0,0,0,0,0,0,0,0,0,0,1,0,0,0,0
65,66,0,0,0,0,0,0,1,1,0,0,0,0,0,0,0,0,0,0,0,0
66,67,0,0,0,1,0,0,0,0,0,0,0,0,0,0,1,0,0,0,0,0
67,68,0,0,0,1,0,0,0,0,0,0,0,0,0,0,0,0,0,0,0,0
68,69,1,0,0,0,1,0,0,0,0,0,0,1,0,0,0,0,0,1,0,0
69,70,1,0,0,0,0,0,0,0,0,0,0,0,0,0,1,0,0,1,0,0
70,71,0,0,0,1,0,0,1,0,0,0,0,0,0,0,1,0,0,0,0,0
71,72,0,0,0,0,0,0,1,0,0,0,1,0,0,0,0,0,0,0,0,0
72,73,0,0,0,0,0,0,1,0,0,0,0,0,0,0,1,0,0,0,0,0
73,74,0,0,0,1,0,0,0,1,0,0,0,0,0,0,0,0,0,0,0,0
74,75,0,0,0,0,0,0,0,0,0,0,0,1,0,0,0,1,0,0,0,0
75,76,0,0,0,0,0,1,0,0,0,0,0,0,0,0,0,0,0,0,0,0
76,77,0,0,0,0,0,0,1,0,0,0,0,0,0,0,0,0,0,1,0,0
77,78,0,0,0,0,0,0,1,0,0,0,0,0,0,0,0,0,0,1,0,0
78,79,0,0,0,0,0,0,1,1,0,0,0,0,0,0,0,0,0,0,0,0
79,80,0,0,0,0,1,0,1,0,0,0,0,0,0,0,0,0,0,0,0,0
80,81,0,0,0,1,0,0,1,0,0,0,0,0,0,0,0,0,0,0,0,0
81,82,0,0,0,0,0,0,1,0,0,0,0,0,0,0,1,0,0,0,0,0
82,84,0,0,0,0,0,0,1,0,0,0,0,0,0,0,1,0,0,0,0,0
83,85,1,0,0,0,0,0,1,0,0,0,0,0,0,0,0,0,0,0,0,0
84,86,0,1,0,1,0,0,0,1,0,0,0,0,0,0,0,0,0,0,0,0
85,87,0,0,0,1,0,0,0,0,0,0,0,0,0,0,0,0,0,0,0,0
86,88,0,0,0,0,1,0,1,0,0,0,0,0,0,0,0,0,0,1,0,0
87,89,0,0,0,0,0,0,1,0,0,0,0,0,0,0,0,0,0,0,0,0
88,90,0,0,0,0,0,0,1,0,0,0,0,1,0,0,1,0,0,1,0,0
89,91,0,0,0,1,0,0,0,0,0,0,0,1,0,0,1,0,0,0,0,0
90,92,0,0,0,1,0,0,1,0,0,0,0,0,0,0,1,0,0,0,0,0
91,93,1,1,0,0,0,0,1,0,0,0,0,0,0,0,0,0,0,1,0,0
92,94,0,0,0,1,0,0,0,0,0,0,0,0,0,0,0,0,0,0,0,0
93,95,0,0,0,0,0,0,1,0,0,0,0,0,0,0,0,0,0,0,0,0
94,96,1,1,0,0,0,0,1,0,0,0,0,0,0,0,0,1,0,1,0,0
95,97,0,0,0,0,0,1,0,0,0,0,0,0,0,0,0,0,0,0,0,0
96,98,0,0,0,0,0,0,1,0,0,0,0,0,0,0,0,0,0,1,0,0
97,99,0,0,0,1,1,0,1,0,0,0,0,0,0,0,0,0,0,0,0,0
98,100,0,0,0,1,0,0,0,0,0,0,0,0,0,0,1,0,0,0,0,0
99,101,0,0,0,0,0,0,1,0,0,0,0,0,0,1,0,1,0,1,0,0
100,102,0,0,0,1,0,0,0,0,0,0,0,0,0,0,0,0,0,0,0,0
101,103,0,0,0,0,0,0,1,0,0,0,0,0,0,0,1,0,0,0,0,0
102,104,0,0,0,1,0,0,1,1,0,0,0,0,0,0,0,0,0,0,0,0
103,105,1,1,0,1,0,0,0,1,0,0,0,0,1,0,0,0,0,0,0,0
104,106,0,0,0,0,0,1,0,0,0,0,0,0,0,0,0,0,0,0,0,0
105,107,0,0,0,0,1,0,0,0,0,0,0,0,0,0,0,0,0,0,0,0
106,108,1,0,0,0,0,0,1,0,0,0,1,0,0,0,0,0,0,0,1,0
107,109,0,0,0,0,1,0,1,0,0,0,0,0,0,0,0,0,0,0,0,0
108,110,1,0,0,1,1,0,0,0,0,0,0,0,0,0,0,0,0,1,0,0
109,111,0,0,0,0,0,0,1,0,0,0,0,0,0,0,0,0,0,1,0,0
110,112,0,0,0,0,0,0,1,0,0,0,0,0,0,0,0,0,0,0,0,0
111,113,0,0,0,1,0,0,0,0,0,0,0,0,0,0,0,0,0,0,0,0
112,114,0,0,0,0,0,1,1,0,0,1,0,0,0,0,0,0,0,0,0,0
113,115,0,0,0,1,1,0,1,0,0,0,0,0,0,0,0,0,0,0,0,0
114,116,0,0,0,1,0,0,0,0,0,0,0,0,0,0,1,0,0,0,0,0
115,117,0,0,0,1,0,0,1,0,0,0,0,0,0,0,0,0,0,0,0,0
116,118,1,1,0,1,0,0,1,1,0,0,0,0,0,0,0,0,0,0,0,0
117,119,0,0,0,0,0,0,1,0,0,0,0,0,0,0,0,0,0,0,0,0
118,120,0,0,0,1,0,0,0,0,0,0,0,0,0,0,1,0,0,0,0,0
119,121,0,0,0,1,0,0,1,0,0,0,0,0,0,0,1,0,0,0,0,0
120,122,0,0,0,0,0,0,1,0,0,0,0,0,0,0,1,0,0,0,0,0
121,123,0,0,0,1,0,0,0,0,0,0,0,0,0,0,1,0,0,0,0,0
122,124,0,0,0,0,0,0,0,0,1,0,0,0,0,0,0,0,0,0,0,0
123,125,0,0,0,0,0,0,1,0,0,0,0,0,0,0,0,0,0,0,0,0
124,127,0,0,0,1,0,0,0,0,0,0,0,0,0,0,1,0,0,0,0,0
125,128,0,0,0,1,0,0,1,0,0,0,0,0,0,0,0,0,0,0,0,0
126,129,0,0,0,0,0,0,1,0,0,0,0,0,0,0,1,0,0,0,1,0
127,130,1,0,0,0,0,0,0,0,0,0,0,0,0,1,1,0,0,1,0,0
128,131,0,0,0,1,0,0,1,0,0,0,0,0,0,0,1,0,0,0,0,0
129,132,0,0,0,0,0,1,0,0,0,0,0,0,1,0,0,0,0,0,0,0
130,133,0,0,0,1,0,0,0,0,0,0,0,0,0,0,0,0,0,0,0,0
131,134,0,0,0,0,0,1,0,0,0,0,0,0,0,0,0,0,0,0,0,0
132,135,0,0,0,1,0,0,0,0,0,0,0,0,0,0,0,0,0,0,0,0
133,136,0,0,0,0,0,0,1,0,0,0,0,0,0,0,0,0,0,0,0,0
134,138,0,0,0,0,0,0,1,0,0,0,0,0,0,0,1,0,0,0,0,0
135,139,0,0,0,1,0,0,0,0,0,0,0,0,0,0,0,0,0,0,0,0
136,140,0,0,0,0,0,0,1,0,0,0,0,0,0,0,0,0,0,0,0,0
137,141,0,0,0,1,0,0,1,0,0,0,0,0,0,0,1,0,0,0,0,0
138,142,1,0,0,1,1,0,0,0,0,0,0,0,0,0,0,0,0,1,0,0
139,143,1,1,0,0,0,0,1,1,0,0,0,0,0,0,0,0,0,0,0,0
140,144,0,0,0,0,1,0,1,0,0,0,0,0,0,0,0,0,0,0,0,0
141,145,0,0,0,1,0,0,1,0,0,0,0,0,0,0,1,0,0,0,0,0
142,146,0,0,0,1,1,0,1,0,0,0,0,0,0,0,0,0,0,1,0,0
143,147,0,0,0,0,0,0,1,0,0,0,0,0,0,0,0,0,0,0,0,0
144,148,0,1,0,0,0,0,0,0,0,0,0,0,0,0,0,0,0,0,0,0
145,149,0,0,0,0,0,0,1,0,0,0,0,1,0,0,0,0,0,0,0,0
146,150,1,0,0,0,1,0,0,0,1,0,0,0,0,0,0,0,0,0,0,0
147,151,0,0,0,0,0,0,1,0,0,0,0,0,0,0,1,0,0,0,0,0
148,152,0,0,0,0,0,0,1,0,0,0,0,0,0,0,0,0,0,1,0,0
149,153,0,0,0,1,0,0,0,0,0,0,0,0,0,0,0,0,0,0,0,0
150,154,1,0,0,1,0,0,0,0,0,0,0,0,0,0,0,0,0,0,0,0
151,155,0,0,0,1,0,0,0,1,1,0,0,0,0,0,0,0,0,0,0,0
152,156,0,0,0,0,1,0,1,0,0,0,0,0,0,1,0,0,0,0,0,0
153,157,1,1,0,0,0,0,1,0,0,0,0,0,0,1,0,1,0,1,0,0
154,158,1,0,0,0,0,0,1,0,0,0,0,0,0,0,0,0,0,1,0,0
155,159,0,0,0,0,0,1,0,0,0,0,0,0,0,0,0,0,0,0,0,0
156,160,1,0,0,0,1,0,0,0,0,0,0,0,0,0,0,0,0,1,0,0
157,161,0,0,0,0,0,0,1,0,0,0,0,0,0,1,0,0,0,1,0,0
158,162,1,0,0,0,0,0,0,0,0,0,0,0,0,0,0,0,0,1,0,0
159,163,1,0,0,1,1,0,1,0,0,0,0,0,0,0,0,0,0,0,0,0
160,164,0,0,0,0,1,0,1,0,0,0,0,0,0,0,0,0,0,0,0,0
161,165,1,1,0,0,0,0,1,0,0,0,0,0,0,0,1,0,0,0,0,0
162,166,0,1,0,0,0,0,0,0,0,0,0,0,0,0,0,0,0,0,0,0
163,167,1,0,0,0,1,0,1,0,0,0,0,0,0,0,0,0,0,1,0,0
164,168,0,0,0,1,0,0,1,0,0,0,0,0,0,0,1,0,0,0,0,0
165,169,1,1,0,0,0,0,1,0,0,0,0,0,0,0,0,1,0,1,0,0
166,170,0,0,0,0,0,0,0,0,0,0,0,0,0,0,0,1,0,0,0,0
167,171,0,0,0,1,0,0,1,0,0,0,0,0,0,0,0,0,0,0,0,0
168,172,0,0,0,0,1,0,1,0,0,0,0,0,0,0,0,0,0,0,0,0
169,173,0,0,0,1,0,0,1,0,0,0,0,0,0,0,0,0,0,0,0,0
170,174,0,0,0,0,0,0,0,0,0,0,0,1,0,1,0,0,0,1,0,0
171,175,0,0,0,1,0,0,1,0,0,0,0,0,0,0,0,0,0,0,0,0
172,176,0,0,0,0,0,0,1,1,0,0,0,0,0,0,1,0,0,0,0,0
173,177,0,0,0,1,0,0,0,0,0,0,0,0,0,0,1,0,0,0,0,0
174,178,1,1,0,0,0,0,0,1,1,0,0,0,0,0,0,1,0,0,0,0
175,179,0,0,0,1,0,0,1,0,0,0,0,0,0,0,1,0,0,0,0,0
176,180,0,0,0,0,0,0,0,0,0,1,0,0,0,0,0,0,0,1,0,0
177,181,0,0,0,0,0,0,0,0,0,0,0,1,0,0,0,0,0,1,0,0
178,182,1,0,0,0,1,0,1,0,0,0,0,0,0,1,0,0,0,1,0,0
179,183,0,0,0,1,0,0,0,0,0,0,0,0,0,0,0,0,0,0,0,0
180,184,0,0,0,1,0,0,0,0,0,0,0,0,0,0,0,0,0,0,0,0
181,185,0,0,0,0,0,0,0,0,1,0,0,1,0,0,0,0,0,1,0,0
182,186,0,0,0,1,0,0,1,0,1,0,0,0,0,0,0,0,0,0,0,0
183,187,0,0,0,0,0,0,1,0,0,0,0,0,0,0,0,0,0,0,0,0
184,188,0,0,0,0,0,0,1,0,0,0,1,0,0,0,1,0,0,0,0,0
185,189,0,0,0,0,0,1,0,0,0,0,0,0,0,0,0,0,0,0,0,0
186,190,0,0,0,0,0,0,1,0,0,0,0,0,0,0,0,0,0,0,0,0
187,191,0,0,0,1,0,0,1,0,0,0,0,0,0,0,0,0,0,0,0,0
188,192,0,0,0,1,0,0,0,0,0,0,0,0,0,0,0,0,0,0,0,0
189,193,1,0,0,0,0,0,0,0,0,0,0,1,0,0,0,1,0,0,0,0
190,194,0,0,0,0,0,0,1,0,0,0,0,0,0,0,0,0,0,0,0,0
191,195,0,0,0,0,1,0,1,0,0,0,0,0,0,0,0,1,0,1,0,0
192,196,0,0,0,0,0,0,1,0,0,0,0,0,0,0,1,0,0,0,0,0
193,197,0,0,0,0,0,0,0,0,0,0,0,0,0,0,0,0,0,1,0,0
194,198,0,0,0,0,0,0,1,0,1,0,0,0,0,0,0,0,0,0,0,0
195,199,0,0,0,0,0,0,1,0,0,0,0,0,0,0,1,0,0,0,0,0
196,200,0,0,0,1,0,0,0,0,0,0,0,0,0,0,0,0,0,0,0,0
197,201,1,0,0,0,0,0,0,0,0,0,0,0,0,0,0,0,0,1,0,0
198,202,0,0,0,1,0,0,1,1,0,0,0,0,0,0,0,0,0,0,0,0
199,203,0,0,0,0,0,1,0,0,0,0,0,0,0,0,0,0,0,0,0,0
200,204,0,0,0,0,0,0,1,0,0,0,0,0,0,0,1,0,0,0,0,0
201,205,1,1,0,0,0,0,0,0,0,0,0,0,0,0,0,0,0,0,0,0
202,206,0,0,0,0,0,0,1,0,0,0,0,0,0,0,0,0,0,0,0,0
203,207,1,0,0,0,0,0,0,0,0,0,0,0,0,0,0,0,0,0,0,1
204,208,0,0,0,0,0,0,1,0,0,0,0,0,0,0,0,0,0,0,0,0
205,209,1,1,0,1,1,0,0,1,0,0,0,0,0,0,0,0,0,0,0,0
206,210,0,0,0,0,0,0,1,0,0,0,0,0,0,0,0,0,0,0,0,0
207,211,0,0,0,0,0,0,1,0,0,0,0,0,0,0,0,0,0,0,1,0
208,212,0,0,0,0,0,0,1,0,0,0,0,0,0,0,1,0,0,0,0,0
209,213,0,0,0,1,0,0,0,0,0,0,0,0,0,0,0,0,0,0,0,0
210,214,0,0,0,0,0,0,1,0,0,0,0,0,0,0,0,0,0,1,0,0
211,215,0,0,0,1,0,0,1,0,0,0,0,0,0,0,0,0,0,0,0,0
212,216,0,0,0,0,0,0,1,1,0,0,0,0,0,0,0,0,0,0,0,0
213,217,0,0,0,0,0,0,1,0,0,0,0,1,0,1,0,0,0,1,0,0
214,218,0,0,0,0,0,0,1,1,0,0,0,0,0,0,1,0,0,0,0,0
215,219,0,0,0,1,0,0,0,0,0,0,0,0,0,0,0,0,0,0,0,0
216,220,0,0,0,1,0,0,1,0,0,0,0,0,0,0,1,0,0,0,0,0
217,221,0,0,0,0,1,0,1,0,0,0,0,0,0,1,1,0,0,1,0,0
218,222,0,0,0,0,0,0,0,0,0,0,0,0,0,0,0,0,0,1,0,0
219,223,1,1,0,0,0,0,0,0,0,0,0,0,0,0,0,0,0,1,0,0
220,224,0,0,0,1,1,0,0,0,1,0,0,0,0,0,0,0,0,0,0,0
221,225,0,0,0,0,0,0,1,0,0,0,0,0,0,1,0,0,0,1,0,0
222,226,0,0,0,0,1,0,1,0,0,0,0,0,0,1,0,0,0,0,0,0
223,227,0,0,0,1,0,0,0,0,0,0,0,0,0,0,0,0,0,0,0,0
224,228,0,0,0,1,0,0,1,0,0,0,0,0,0,0,1,0,0,0,0,0
225,229,0,0,0,0,0,0,1,0,0,0,0,0,0,1,0,0,0,0,0,0
226,230,0,0,0,1,1,0,0,0,0,0,0,0,0,0,1,0,0,1,0,0
227,231,0,0,0,1,0,0,1,0,0,0,1,0,0,0,0,0,0,0,0,0
228,232,0,0,0,1,0,0,0,0,0,0,0,0,0,0,1,0,0,0,0,0
229,233,0,0,0,1,0,0,1,0,0,0,0,0,0,0,1,0,0,0,0,0
230,234,1,1,0,0,0,0,1,1,0,0,0,0,0,0,0,0,0,0,0,0
231,235,0,1,1,1,0,0,0,1,0,0,0,0,0,0,1,0,0,0,0,0
232,236,0,0,0,0,0,0,1,0,0,0,0,0,0,0,0,0,0,1,0,0
233,237,0,0,0,0,0,0,1,1,1,0,0,0,0,0,0,0,0,0,0,0
234,238,0,0,0,0,0,0,1,0,0,0,1,0,0,0,0,0,0,0,0,0
235,239,0,0,0,0,0,0,1,1,1,0,0,0,0,0,0,0,0,0,0,0
236,240,0,0,1,0,0,0,0,1,1,0,0,0,0,0,0,1,0,0,0,0
237,241,1,0,0,0,1,0,1,0,0,0,0,0,0,0,0,0,0,1,0,0
238,242,0,0,0,0,0,1,0,0,0,0,0,0,0,0,0,0,0,0,0,0
239,243,0,0,0,0,0,0,1,0,1,0,0,0,0,0,0,0,0,0,0,0
240,244,0,0,0,1,0,0,0,1,0,0,0,0,0,0,0,0,0,0,0,0
241,245,0,0,0,0,0,0,1,0,0,0,0,0,1,0,1,0,0,0,0,0
242,246,0,0,0,1,0,0,1,1,0,0,0,0,0,0,0,0,0,0,0,0
243,247,1,0,0,0,0,0,0,0,0,0,0,0,0,0,0,0,0,1,0,0
244,248,0,0,0,1,0,0,1,0,0,0,0,0,0,0,1,0,0,0,0,0
245,249,0,0,0,0,0,0,0,0,0,0,0,1,0,0,1,0,0,0,0,0
246,250,0,0,0,0,0,0,1,0,0,0,0,0,0,0,1,0,0,0,0,0
247,251,0,0,0,1,1,0,0,0,0,0,0,0,0,0,0,0,0,0,0,0
248,252,0,0,0,1,0,0,0,1,0,0,0,0,0,0,1,0,0,0,0,0
249,253,1,0,0,0,0,0,1,0,0,0,0,0,0,1,0,0,0,1,0,0
250,254,0,1,0,1,0,0,0,1,1,0,0,0,0,0,0,1,0,0,0,0
251,255,1,0,0,0,1,0,1,0,0,0,0,0,0,0,0,0,0,1,0,0
252,256,1,1,0,0,0,0,0,0,0,0,0,0,0,0,0,1,0,0,0,0
253,257,0,0,0,0,0,0,1,0,0,0,0,0,0,0,1,0,0,0,0,0
254,258,0,0,0,0,0,0,1,1,1,0,0,0,0,0,0,0,0,0,0,0
255,259,0,0,0,0,0,0,1,0,0,0,0,0,0,0,0,0,0,0,0,0
256,260,0,0,0,0,1,0,1,0,0,0,0,0,0,0,0,0,0,0,0,0
257,261,0,0,0,0,0,0,1,0,0,0,0,0,0,0,1,0,0,0,0,0
258,262,0,1,0,0,0,0,1,0,0,0,0,0,0,0,1,0,0,0,1,0
259,263,0,1,0,1,0,0,0,1,0,0,0,0,0,0,0,0,0,0,0,0
260,264,1,0,0,0,0,0,1,0,0,0,0,0,0,0,0,0,0,0,0,0
261,265,0,0,0,0,1,0,1,0,0,0,0,0,0,0,0,0,0,0,0,0
262,266,0,0,0,0,0,0,1,0,0,0,0,0,0,0,1,0,0,0,0,0
263,267,0,0,0,0,0,0,1,0,0,0,0,0,0,0,0,0,0,0,0,0
264,268,0,0,0,1,0,0,1,0,0,0,1,0,0,0,0,0,0,0,0,0
265,269,0,0,0,0,0,0,1,0,0,0,0,1,0,0,1,1,0,0,0,0
266,270,1,0,0,1,0,0,0,1,0,0,0,0,0,0,0,0,0,0,0,0
267,271,0,0,0,1,0,0,1,0,0,0,0,0,0,0,1,0,0,0,0,0
268,272,0,0,0,1,0,0,0,0,0,0,0,0,0,0,1,0,0,0,0,0
269,273,0,0,0,0,0,0,1,1,1,0,0,0,0,0,0,0,0,0,0,0
270,274,0,0,0,1,0,0,0,0,0,0,0,0,0,0,1,0,0,0,0,0
271,275,0,0,0,1,0,0,1,0,0,0,0,0,0,0,0,0,0,0,0,0
272,276,0,0,0,0,1,0,1,0,0,0,0,0,0,0,0,0,0,0,0,0
273,277,0,0,0,1,0,0,1,0,0,0,0,0,0,0,0,0,0,0,0,0
274,278,0,0,0,0,0,0,1,0,0,0,0,0,0,0,0,0,0,1,0,0
275,279,0,0,0,0,1,0,1,0,0,0,0,0,0,0,0,0,0,0,0,0
276,280,1,0,0,0,1,0,1,0,0,0,0,0,0,0,0,0,0,1,0,0
277,281,0,0,0,0,0,0,0,0,0,0,0,1,0,0,0,0,0,0,0,0
278,282,1,0,0,0,0,0,0,0,0,0,0,0,0,0,0,1,0,1,0,0
279,283,0,0,0,0,0,0,1,0,0,0,0,0,0,0,1,0,0,0,0,0
280,284,0,0,0,0,1,0,1,0,0,0,0,0,0,0,0,0,0,1,0,0
281,285,0,0,0,1,0,0,1,0,0,0,0,0,0,0,1,0,0,0,0,0
282,286,0,0,0,0,0,0,1,0,0,0,0,0,0,0,0,0,0,0,0,0
283,287,0,0,0,0,0,0,1,0,0,0,0,0,0,0,1,0,0,1,0,0
284,288,1,0,0,0,0,0,1,0,0,0,0,0,0,0,0,1,0,1,0,0
285,289,0,0,0,0,1,0,1,0,0,0,0,0,0,0,0,0,0,1,0,0
286,290,0,0,0,1,0,0,1,0,0,0,0,0,0,0,1,0,0,0,0,0
287,291,0,0,0,1,0,0,1,0,0,0,0,0,0,0,1,0,0,0,0,0
288,292,0,0,0,0,1,0,0,0,0,0,0,0,0,0,0,0,0,1,0,0
289,293,0,0,0,0,0,0,1,0,0,0,0,0,0,0,0,0,0,0,0,0
290,294,0,0,0,1,0,0,1,0,0,0,0,0,0,0,0,0,0,0,0,0
291,295,0,0,0,0,0,0,1,0,0,0,0,0,0,0,1,0,0,0,0,0
292,296,0,0,0,0,0,0,1,0,0,0,1,0,0,0,0,0,0,0,0,0
293,297,0,0,0,0,0,0,1,0,0,0,1,0,0,0,0,0,0,0,0,0
294,298,0,0,0,0,0,0,1,0,0,0,1,0,0,0,0,0,0,0,0,0
295,299,1,0,0,0,0,0,0,0,0,0,0,0,0,0,0,0,0,0,0,1
296,300,0,0,0,1,0,0,1,0,0,0,0,0,0,0,0,0,0,0,0,0
297,301,0,0,0,1,0,0,1,0,0,0,0,0,0,0,0,0,0,0,0,0
298,302,0,0,0,0,0,0,1,0,0,0,0,0,0,1,1,0,0,0,0,0
299,303,0,0,0,0,0,0,1,0,0,0,0,0,1,1,0,0,0,0,0,0
300,304,0,0,0,1,0,0,1,0,0,0,0,0,0,1,0,0,0,0,0,0
301,305,0,0,0,0,0,0,1,0,0,0,0,0,0,0,0,0,0,0,0,0
302,306,0,0,0,1,0,0,0,1,0,0,0,0,0,0,0,0,1,0,0,0
303,307,0,0,0,0,0,0,1,0,0,0,0,1,0,0,0,0,0,0,0,0
304,308,0,0,0,1,0,0,1,0,0,0,0,0,0,0,0,0,0,0,0,0
305,309,0,0,1,0,0,0,0,0,0,0,0,0,0,0,0,0,0,0,0,0
306,310,0,0,0,0,0,0,1,1,1,0,0,0,0,0,0,0,0,0,0,0
307,311,1,0,0,0,0,0,0,0,0,0,0,0,0,0,0,0,0,1,0,0
308,312,1,1,0,0,0,0,0,0,0,0,0,0,0,0,0,1,0,0,0,0
309,313,0,0,0,1,0,0,1,1,1,0,0,0,0,0,0,0,0,0,0,0
310,314,0,0,0,0,1,0,1,0,0,0,0,0,0,0,0,0,0,0,0,0
311,315,0,0,0,0,1,0,0,0,0,0,0,0,0,0,0,0,0,1,0,0
312,316,0,0,0,0,0,0,1,0,0,0,0,0,0,0,0,0,0,1,0,0
313,317,0,0,0,1,0,0,1,0,0,0,0,0,0,0,0,0,0,0,0,0
314,318,0,0,0,1,1,0,0,0,0,0,0,0,0,0,0,0,0,0,0,0
315,319,0,0,0,1,0,0,1,0,0,0,0,0,0,0,1,0,0,0,0,0
316,320,0,0,0,1,0,0,0,0,0,0,0,0,0,0,0,0,0,0,0,0
317,321,0,0,0,0,0,0,1,0,0,0,0,0,0,0,1,0,0,0,1,0
318,322,1,0,0,1,0,0,0,0,1,0,0,0,0,0,0,1,0,0,0,0
319,323,0,0,0,1,0,0,0,0,0,0,0,1,0,0,0,0,0,1,0,0
320,324,1,1,0,0,0,0,0,0,0,0,0,0,0,0,0,1,0,1,0,0
321,325,0,0,0,0,1,0,0,0,0,0,0,1,0,0,0,0,0,1,0,0
322,326,0,0,0,0,0,0,1,0,0,0,0,0,0,0,1,0,0,0,0,0
323,327,0,0,0,0,0,0,0,0,0,0,0,1,0,0,0,1,0,1,0,0
324,328,0,0,0,1,0,0,0,0,0,0,0,0,0,0,0,0,0,0,0,0
325,329,0,0,0,0,0,0,1,0,0,0,0,0,0,0,1,0,0,0,0,0
326,330,0,0,0,0,1,0,0,0,0,0,0,0,0,0,0,0,0,1,0,0
327,331,0,0,0,0,0,0,1,0,0,0,0,0,0,0,0,0,0,0,1,0
328,332,0,0,0,0,0,0,1,0,0,0,0,0,0,0,1,0,0,0,0,0
329,333,1,0,0,0,1,0,0,0,0,0,0,0,0,0,0,1,0,1,0,0
330,334,0,0,0,1,0,0,1,0,0,0,0,0,0,0,1,0,0,0,0,0
331,335,0,0,0,0,0,0,1,0,0,0,0,0,0,0,0,0,0,0,0,0
332,336,0,0,0,1,0,0,0,0,0,0,0,0,0,0,1,0,0,0,0,0
333,337,0,0,0,1,0,0,1,0,0,0,0,0,0,0,1,0,0,0,0,0
334,338,0,0,0,1,0,0,1,1,0,0,0,0,0,0,0,0,0,0,0,0
335,339,0,0,0,1,0,0,0,0,0,0,0,0,0,1,0,0,0,0,0,0
336,340,0,0,0,1,0,0,1,0,0,0,0,0,0,0,0,0,0,0,0,0
337,341,0,0,0,0,0,0,1,0,0,0,0,0,1,0,0,0,0,0,0,0
338,342,0,0,0,0,0,0,1,0,0,0,0,0,0,0,1,0,0,1,0,0
339,343,1,0,0,1,0,0,0,0,0,0,0,0,0,0,0,0,0,1,0,0
340,344,1,0,0,0,0,0,1,0,0,0,0,0,0,0,0,0,0,1,0,0
341,345,0,0,0,0,1,0,1,0,0,0,0,0,0,1,0,0,0,1,0,0
342,346,0,0,0,1,0,0,1,1,0,0,0,0,0,0,1,0,0,0,0,0
343,347,0,0,0,1,0,0,1,0,0,0,0,0,0,0,0,0,0,0,0,0
344,348,1,0,0,0,0,0,0,0,1,0,0,0,0,0,0,0,0,1,0,0
345,349,0,0,0,0,0,0,1,0,0,0,0,0,0,0,0,0,0,0,0,0
346,350,0,0,0,1,0,0,0,1,1,0,0,0,0,0,0,0,0,0,0,0
347,351,0,0,0,1,0,0,1,0,0,0,0,0,0,0,1,0,0,0,0,0
348,352,0,0,0,1,0,0,1,0,0,0,0,0,0,0,1,0,0,0,0,0
349,353,0,0,0,0,1,0,1,0,0,0,0,0,0,0,1,0,0,0,0,0
350,354,0,0,0,1,0,0,1,0,0,0,0,0,0,0,1,0,0,0,0,0
351,355,1,0,0,1,0,0,0,0,0,0,0,0,0,0,1,0,0,0,0,0
352,356,0,0,0,1,0,0,1,0,0,0,0,0,0,0,1,0,0,0,0,0
353,357,0,1,0,0,0,0,1,1,0,0,0,0,0,0,0,0,0,0,0,0
354,358,0,0,0,0,0,1,0,0,0,1,0,0,0,0,0,0,0,0,0,0
355,359,0,0,1,0,0,0,1,1,0,0,0,0,0,0,0,0,0,0,0,0
356,360,0,0,0,0,0,0,1,0,0,0,1,0,0,0,0,0,0,0,0,0
357,361,0,0,0,0,0,0,0,0,1,0,0,1,0,1,0,0,0,1,0,0
358,362,0,0,0,1,1,0,0,0,1,0,0,0,0,0,1,0,0,0,0,0
359,363,1,1,0,1,0,0,1,0,0,0,0,0,0,0,0,0,0,0,0,1
360,364,0,0,0,0,0,0,1,0,0,0,0,0,0,0,0,0,0,0,0,0
361,365,0,0,0,1,1,0,0,0,0,0,0,0,0,0,0,0,0,0,0,0
362,366,0,0,0,1,0,0,1,0,0,0,0,0,0,0,0,0,0,0,0,0
363,367,0,0,0,0,0,0,1,0,0,0,0,0,0,0,0,0,0,0,0,0
364,368,0,0,0,0,1,0,1,0,0,0,0,0,0,0,0,0,0,1,0,0
365,369,0,0,0,1,0,0,0,1,0,0,0,0,0,0,0,0,0,0,0,0
366,370,0,0,0,0,0,0,1,0,0,0,0,0,0,0,0,0,0,0,0,0
367,371,1,1,0,0,1,0,0,0,0,0,0,0,0,0,0,0,0,1,0,0
368,372,1,1,0,0,1,0,0,0,0,0,0,0,0,0,0,0,0,0,0,0
369,373,0,0,0,1,0,0,0,0,0,0,0,0,0,0,1,0,0,0,0,0
370,374,1,0,0,0,1,0,0,0,0,0,0,0,0,0,0,1,0,1,0,0
371,375,1,0,0,0,0,0,0,0,0,0,0,0,0,0,0,0,0,1,0,0
372,376,0,0,0,0,0,0,1,0,0,0,0,0,0,0,1,0,0,0,0,0
373,377,0,0,0,0,0,0,0,0,1,0,0,0,0,0,0,0,0,0,0,0
374,378,1,0,0,0,0,0,1,0,0,0,0,0,0,0,0,0,0,0,0,1
375,379,1,0,0,0,1,0,0,0,0,0,0,0,0,0,1,0,0,1,0,0
376,380,0,0,0,1,0,0,1,0,0,0,0,0,0,0,0,0,0,0,0,0
377,381,0,0,0,1,0,0,1,0,0,0,0,0,0,0,0,0,0,0,0,0
378,382,1,0,0,1,1,0,0,0,0,0,0,0,0,0,0,0,0,0,0,0
379,383,0,0,0,0,0,0,1,0,0,0,0,0,0,0,0,0,0,0,0,0
380,384,0,0,0,0,0,0,1,0,0,0,0,0,0,0,0,0,0,0,0,0
381,385,1,0,0,0,1,0,0,0,0,0,0,0,0,0,0,0,0,0,0,0
382,386,0,0,0,0,1,0,1,0,0,0,0,0,0,0,1,0,0,0,0,0
383,387,0,0,1,0,0,0,0,0,0,0,0,0,0,0,0,1,0,0,0,0
384,388,1,1,0,0,0,0,0,0,0,0,0,0,0,0,0,0,0,1,0,0
385,389,1,0,0,1,0,0,0,0,0,0,0,0,0,0,0,0,0,0,0,0
386,391,1,1,0,0,1,0,1,0,0,0,0,0,0,0,0,0,0,1,0,0
387,392,0,0,0,0,0,0,0,0,0,0,0,1,0,0,0,0,0,1,0,0
388,393,0,0,0,0,0,1,0,0,0,0,0,0,0,0,0,0,0,0,0,0
389,394,0,1,0,0,1,0,1,0,0,0,0,0,0,0,1,0,0,0,0,0
390,395,0,0,0,0,0,0,1,0,0,0,0,0,0,0,0,0,0,1,0,0
391,396,1,0,0,0,0,0,0,0,0,0,0,0,0,0,0,0,0,1,0,0
392,397,0,0,0,1,0,0,0,0,0,0,0,0,0,0,0,0,0,0,0,0
393,399,0,0,0,0,0,1,0,0,0,0,0,0,0,0,0,0,0,0,0,0
394,400,1,0,0,0,0,0,0,0,1,0,0,0,0,0,0,1,0,0,0,0
395,402,0,0,0,0,0,0,0,0,0,0,0,1,0,1,0,0,0,1,0,0
396,403,0,0,0,0,0,0,1,0,0,0,0,0,0,0,1,0,0,0,0,0
397,404,0,0,0,0,1,0,1,0,0,0,0,0,0,0,0,0,0,0,0,0
398,405,0,0,0,1,0,0,0,1,1,0,0,0,0,0,0,0,0,0,0,0
399,406,0,0,0,1,0,0,0,0,0,0,0,0,0,0,0,0,0,0,0,0
400,407,0,0,0,0,0,0,1,0,0,0,0,0,0,0,1,0,0,0,0,0
401,408,0,0,0,1,1,0,0,0,0,0,0,0,1,0,0,0,0,0,0,0
402,409,0,0,0,1,0,0,0,1,0,0,0,0,0,0,0,0,0,0,0,0
403,410,1,0,0,1,0,0,0,0,0,0,0,0,0,0,0,0,0,0,0,0
404,411,1,1,0,1,0,0,1,0,0,0,0,0,0,0,0,0,0,0,0,1
405,412,0,0,0,1,0,0,1,0,0,0,0,0,0,0,1,0,0,0,0,0
406,413,0,0,0,1,0,0,1,0,1,0,0,0,0,0,0,0,0,0,0,0
407,414,0,0,0,1,0,0,0,0,0,0,0,0,0,0,0,0,0,0,0,0
408,415,1,0,0,1,1,0,0,0,0,0,0,0,0,0,0,0,0,0,0,0
409,416,1,1,0,0,0,0,1,1,0,0,0,0,0,0,0,0,0,0,0,0
410,417,0,0,0,0,1,0,1,0,0,0,0,0,0,1,0,0,0,1,0,0
411,418,1,0,0,0,0,0,1,0,0,0,0,0,0,0,0,0,0,1,0,0
412,419,0,0,0,0,0,0,1,0,0,0,0,0,0,0,0,0,0,0,0,0
413,420,0,0,0,0,0,0,1,0,0,0,0,0,0,0,1,0,0,0,0,0
414,421,0,0,0,0,0,0,0,0,0,0,0,1,0,0,0,1,0,1,0,0
415,422,0,0,0,0,0,0,1,0,0,0,0,0,0,0,1,0,0,0,0,0
416,423,0,0,0,0,1,0,1,0,0,0,0,0,0,0,0,0,0,0,0,0
417,424,0,0,0,1,0,0,0,0,0,0,0,0,0,0,0,0,0,0,0,0
418,425,0,0,0,1,0,0,1,0,0,0,0,0,0,0,0,0,0,0,0,0
419,426,1,0,0,0,1,0,1,0,0,0,0,0,0,0,0,0,0,1,0,0
420,427,1,0,0,1,0,0,1,0,0,0,0,0,0,0,0,0,0,0,0,1
421,428,0,0,0,1,0,0,0,0,0,0,0,0,0,1,0,0,0,1,0,0
422,429,1,1,0,0,0,0,0,0,0,0,0,0,0,0,0,0,0,1,0,0
423,430,0,0,0,1,0,0,0,1,0,0,0,0,0,0,0,1,0,0,0,0
424,431,0,0,0,0,0,0,1,0,0,0,0,0,0,1,1,0,0,1,0,0
425,432,1,0,0,1,0,0,0,1,0,0,0,0,0,0,0,0,0,0,0,0
426,433,1,0,0,1,0,0,0,0,0,0,0,0,0,0,0,0,0,0,0,1
427,434,0,0,0,0,0,0,1,0,0,0,0,0,0,0,0,0,0,0,0,0
428,435,0,0,0,1,0,0,0,0,0,0,0,0,0,0,0,0,0,0,0,0
429,436,0,0,0,1,0,0,1,0,0,0,0,0,0,0,0,0,0,0,0,0
430,437,1,0,0,0,1,0,0,0,0,0,0,0,0,0,0,1,0,0,0,0
431,438,0,0,0,0,0,1,0,0,0,0,0,0,0,0,0,0,0,0,0,0
432,439,0,0,0,1,0,0,1,0,0,0,0,0,0,0,1,0,0,0,0,1
433,440,0,0,0,1,0,0,0,0,0,0,0,0,0,0,0,0,0,0,0,0
434,441,0,0,0,0,0,0,1,0,0,0,0,0,0,0,0,0,0,0,0,0
435,442,0,0,0,1,0,0,1,0,0,0,0,0,0,0,1,0,0,0,0,0
436,443,0,0,0,0,0,0,1,0,0,0,0,0,0,0,0,0,0,0,0,0
437,444,0,0,0,1,0,0,0,0,0,0,0,0,0,0,0,0,0,0,0,0
438,445,0,0,0,1,0,0,1,0,0,0,0,0,0,0,0,0,0,0,0,0
439,446,0,0,0,0,0,0,1,0,0,0,0,0,0,1,1,0,0,0,0,0
440,447,0,0,0,1,0,0,0,0,0,1,0,0,0,1,1,0,0,1,0,0
441,448,0,0,0,1,0,0,0,0,0,0,0,0,0,0,1,0,0,0,0,0
442,449,0,0,0,0,0,0,1,0,0,0,0,0,0,1,0,0,0,1,0,0
443,450,0,1,0,0,0,0,0,1,0,0,0,0,0,0,0,0,0,0,0,0
444,451,0,0,0,0,1,0,1,0,0,0,0,0,0,0,0,0,0,1,0,0
445,452,1,1,0,0,1,0,0,0,0,0,0,0,0,1,0,0,0,1,0,0
446,453,1,0,0,0,0,0,1,0,0,0,1,0,0,0,0,0,0,0,0,1
447,454,1,0,0,0,0,0,1,0,0,0,0,0,0,0,0,0,0,1,0,0
448,455,0,0,0,1,1,0,0,1,0,0,0,0,0,0,0,0,0,0,0,0
449,456,0,0,0,0,0,0,1,0,0,0,0,0,0,0,1,0,0,0,0,0
450,457,0,0,0,1,0,0,1,0,0,0,0,0,0,0,0,0,0,0,0,0
451,458,0,0,0,0,0,0,1,0,0,0,0,0,0,0,0,0,0,1,0,0
452,459,1,1,0,0,1,0,0,0,0,0,0,0,0,0,0,0,0,1,0,0
453,460,1,0,0,0,0,0,1,0,0,0,1,0,0,0,0,0,0,0,1,0
454,461,1,0,0,1,0,0,0,0,0,0,0,0,0,0,0,0,0,0,1,0
455,462,0,0,0,1,0,0,0,0,0,0,0,0,0,0,0,0,0,0,0,0
456,463,0,0,0,1,0,0,1,0,0,0,0,0,0,0,1,0,0,0,0,0
457,464,0,0,0,0,0,0,1,0,0,0,0,0,0,0,1,0,0,0,0,0
458,465,0,0,0,1,0,0,0,0,0,0,0,0,0,0,0,0,0,0,0,0
459,466,0,0,0,1,0,0,1,0,0,0,0,0,0,0,0,0,0,0,0,0
460,467,0,0,0,1,0,0,1,0,0,0,0,0,0,0,0,0,0,0,0,0
461,468,0,0,0,1,0,0,0,0,0,0,0,0,0,0,0,0,0,0,0,0
462,469,1,0,0,0,1,0,1,0,0,0,0,0,0,1,0,0,0,1,0,0
463,470,0,0,0,0,0,0,1,0,0,0,0,0,0,0,0,0,0,0,0,0
464,471,0,0,0,1,0,0,1,0,0,0,0,0,0,0,1,0,0,0,0,0
465,472,0,0,0,0,0,0,1,0,0,0,0,0,1,0,0,0,0,0,0,0
466,473,0,0,0,1,0,0,0,0,0,0,0,0,0,0,0,0,0,0,0,0
467,474,1,0,0,0,1,0,0,0,0,0,0,0,0,0,0,0,0,1,0,0
468,475,0,1,0,0,0,0,0,0,0,0,0,0,0,0,0,1,0,0,0,0
469,476,0,0,0,0,1,0,0,0,0,0,0,0,0,0,0,0,0,1,0,0
470,477,1,0,0,0,1,0,1,0,0,0,0,0,0,0,0,0,0,1,0,0
471,478,0,0,0,0,0,0,1,0,0,0,0,0,0,0,0,0,0,0,0,0
472,479,1,1,0,0,0,0,1,1,0,0,0,0,0,0,0,0,0,0,0,0
473,480,1,1,0,1,0,0,0,1,1,0,0,0,0,0,0,0,0,0,0,0
474,481,0,0,0,1,0,0,0,1,0,0,0,0,0,0,0,0,0,0,0,0
475,482,1,0,0,1,0,0,0,0,0,0,0,0,0,0,0,0,0,0,0,1
476,483,0,0,0,0,0,0,1,0,0,0,0,0,0,0,1,0,0,0,0,0
477,484,0,0,0,1,0,0,0,0,0,0,0,0,0,0,0,0,0,0,0,0
478,485,0,0,0,0,1,0,1,0,0,0,0,0,0,0,0,0,0,0,0,0
479,486,0,0,0,0,0,0,1,0,0,0,0,0,0,0,0,0,0,0,0,0
480,487,0,0,0,1,0,0,0,0,0,0,0,0,0,1,0,0,0,0,0,0
481,488,1,0,0,0,1,0,1,0,0,0,0,0,0,0,0,0,0,0,0,0
482,489,1,1,0,0,0,0,1,0,0,0,0,0,0,0,0,0,0,1,0,0
483,490,0,0,0,0,0,0,1,0,0,0,0,0,0,0,1,0,0,0,0,0
484,491,0,0,0,1,0,0,1,0,0,0,0,0,0,0,1,0,0,1,0,0
485,492,0,0,0,1,0,0,1,0,0,0,0,0,0,0,1,0,0,0,0,0
486,493,0,0,0,0,0,0,1,0,0,0,0,0,0,0,1,0,0,0,0,0
487,494,0,0,0,1,0,0,0,0,0,0,0,0,0,0,1,0,0,0,0,0
488,495,0,0,0,1,0,0,1,1,0,0,0,0,0,0,0,0,0,0,0,0
489,496,0,0,0,1,0,0,1,0,0,0,0,0,0,0,0,0,0,0,0,0
490,497,0,1,0,0,0,0,0,0,0,0,0,0,0,0,0,0,0,0,0,0
491,498,0,0,0,1,0,0,1,0,0,0,0,0,0,0,0,0,0,0,0,0
492,499,1,0,0,0,0,0,1,0,0,0,0,0,0,0,0,1,0,1,0,0
493,500,0,0,0,1,0,0,1,1,1,0,0,0,0,0,0,1,0,0,0,0
494,501,0,0,0,0,0,0,1,0,1,0,0,0,0,0,1,0,0,0,0,0
495,502,0,0,0,0,1,0,1,0,0,0,0,0,0,0,0,0,0,1,0,0
496,503,0,0,0,0,0,0,1,0,0,0,0,0,0,0,0,0,0,0,0,0
497,504,0,0,0,0,0,0,1,0,0,0,0,0,0,0,1,0,0,0,0,0
498,505,0,0,0,0,0,0,1,0,0,0,0,0,0,0,1,0,0,0,0,0
499,506,0,0,0,0,0,0,1,0,0,0,0,0,0,0,0,0,0,0,0,0
500,507,0,0,0,0,0,0,0,0,0,0,0,1,0,0,0,1,0,1,0,0
501,508,0,0,0,1,1,0,1,0,0,0,0,0,1,1,1,0,0,0,0,0
502,509,0,0,0,1,0,0,0,0,0,0,0,0,0,0,0,0,0,0,0,0
503,510,0,0,0,0,0,0,1,0,0,0,0,0,0,0,1,0,0,0,0,0
504,511,0,0,0,1,0,0,0,0,0,0,0,0,0,0,0,0,0,0,1,0
505,512,1,0,0,0,0,0,1,0,0,0,0,0,0,0,0,0,0,1,0,0
506,513,0,0,0,1,0,0,0,0,0,0,0,0,0,0,1,0,0,0,0,0
507,514,1,1,0,0,1,0,0,0,0,0,0,0,0,0,0,1,0,1,0,0
508,515,0,0,0,1,0,0,0,0,0,0,0,0,0,0,0,0,0,0,0,0
509,516,1,0,0,0,1,0,1,0,0,0,0,0,0,0,0,0,0,1,0,0
510,517,1,0,0,0,0,0,1,0,0,0,0,0,0,0,0,0,0,1,0,0
511,518,0,0,0,0,0,0,1,0,0,0,0,0,0,0,1,0,0,0,0,0
512,519,0,0,0,0,0,0,1,0,0,0,0,0,0,0,0,0,0,0,0,0
513,520,0,0,0,0,0,0,1,0,0,0,0,0,0,0,0,0,0,0,0,0
514,521,0,0,0,0,0,0,1,0,0,0,0,0,0,0,0,0,0,0,0,0
515,522,0,0,0,0,0,0,1,0,0,0,1,0,0,0,0,0,0,0,1,0
516,523,0,0,0,1,0,0,1,0,0,0,0,0,0,0,0,0,0,0,0,0
517,524,0,0,0,0,0,0,1,0,0,0,0,0,0,0,0,0,0,0,0,0
518,525,0,0,0,0,0,0,1,0,0,0,0,0,0,0,0,0,0,0,0,0
519,526,0,0,0,0,0,0,1,1,1,0,0,0,0,0,0,0,0,0,0,0
520,527,0,0,0,1,1,0,0,0,0,0,0,1,0,0,0,0,0,1,0,0
521,528,1,1,0,0,0,0,0,0,1,0,0,0,0,0,0,1,0,1,0,0
522,529,0,0,0,0,0,0,1,0,0,0,0,0,0,0,1,0,0,0,0,0
523,530,0,0,0,1,0,0,1,0,0,0,0,0,0,0,0,0,0,0,0,0
524,531,0,0,0,0,0,0,1,1,0,0,0,0,0,0,0,0,0,0,0,0
525,532,0,0,0,1,0,0,1,0,0,0,0,0,0,0,0,0,0,0,0,0
526,533,0,0,0,1,0,0,1,0,0,0,0,0,0,1,0,0,0,0,0,0
527,534,0,0,0,1,0,0,1,0,0,0,0,0,0,0,1,0,0,0,0,0
528,535,0,0,0,0,0,0,1,0,0,0,0,0,0,0,0,0,0,1,0,0
529,536,0,0,0,0,0,0,1,0,0,0,0,0,0,0,0,1,0,1,0,0
530,537,0,0,0,1,0,0,1,0,0,0,0,0,0,0,1,0,0,0,0,0
531,538,0,0,0,1,1,0,0,0,0,0,0,0,0,0,1,0,0,0,0,0
532,539,1,0,0,0,1,0,0,0,0,0,0,0,0,1,0,0,0,1,0,0
533,540,0,0,0,0,0,0,1,0,0,0,1,0,0,0,1,0,0,0,0,0
534,541,0,1,0,1,0,0,0,1,1,0,0,0,0,0,0,0,0,0,0,0
535,542,1,1,0,0,1,0,0,0,0,0,0,0,0,0,0,0,0,1,0,0
536,543,1,0,0,0,0,0,0,0,0,0,0,0,0,0,0,0,0,1,0,0
537,544,0,0,0,0,0,0,1,0,0,0,0,0,1,0,0,0,0,0,0,0
538,545,0,0,0,1,0,0,1,1,0,0,0,0,0,0,1,0,0,0,0,0
539,546,0,0,1,0,0,0,0,1,1,0,0,0,0,0,0,0,0,0,0,0
540,547,1,1,0,1,0,0,0,0,0,0,0,0,0,0,0,0,0,0,0,0
541,548,1,1,0,0,0,0,1,0,0,0,1,0,0,0,0,0,0,0,0,1
542,549,1,0,0,0,0,0,1,0,0,0,0,0,0,0,0,0,0,1,0,0
543,550,1,0,0,0,1,0,0,0,0,0,0,0,0,0,1,0,0,1,0,0
544,551,0,0,0,0,0,1,0,0,0,0,1,0,0,0,0,0,0,0,0,0
545,552,0,0,1,0,0,0,0,1,1,0,0,0,0,0,0,1,0,0,0,0
546,553,0,0,0,1,0,0,1,0,0,0,0,0,0,0,0,0,0,0,0,0
547,555,0,0,0,0,0,0,1,0,0,0,0,0,0,0,1,0,0,1,0,0
548,556,0,0,0,1,0,0,1,0,0,0,0,0,0,0,0,0,0,0,0,0
549,557,0,0,0,0,0,0,1,0,0,0,0,0,0,0,1,0,0,0,0,0
550,558,0,0,0,1,0,0,0,0,0,0,0,0,0,0,1,0,0,0,0,0
551,559,0,0,0,0,0,0,1,0,0,0,0,1,0,0,0,0,0,1,0,0
552,560,0,0,0,1,0,0,0,0,0,0,0,0,0,0,1,0,0,0,0,0
553,561,0,0,0,1,0,0,1,0,0,0,0,0,0,0,0,0,0,0,0,0
554,562,0,0,0,1,0,0,1,0,0,0,0,0,0,0,0,0,0,0,0,0
555,563,0,0,0,1,0,0,0,1,0,0,0,0,0,0,0,0,0,0,0,0
556,564,0,0,0,0,0,0,1,0,0,0,0,0,0,0,0,0,0,0,0,0
557,565,0,0,0,1,0,0,1,0,0,0,0,0,0,0,1,0,1,0,0,0
558,566,0,0,0,0,0,0,1,0,0,0,0,0,0,0,1,0,0,0,0,0
559,567,0,0,0,1,0,0,0,0,0,1,0,0,0,0,0,0,0,0,0,0
560,568,0,0,0,1,0,0,1,0,0,0,0,0,0,0,0,0,0,0,0,0
561,569,0,0,0,1,0,0,0,1,0,0,0,0,0,0,1,0,0,0,0,0
562,570,0,0,0,1,0,0,0,0,0,0,0,0,0,0,0,0,0,0,0,0
563,571,0,1,0,0,0,0,1,1,0,0,0,0,0,0,0,0,0,0,0,0
564,572,0,0,0,0,1,0,1,0,0,0,0,0,0,0,0,0,0,1,0,0
565,573,0,0,0,1,0,0,1,0,0,0,1,0,0,1,0,0,0,0,0,0
566,574,0,0,0,0,0,1,0,0,0,0,1,0,0,0,0,0,0,0,0,0
567,575,0,0,0,1,0,0,1,0,0,1,0,0,0,0,1,0,0,0,0,0
568,576,0,0,0,1,0,0,1,0,0,0,0,0,0,0,0,0,0,0,0,0
569,577,0,0,0,0,0,0,1,0,0,0,0,0,0,0,1,0,0,0,0,0
570,578,0,0,0,1,0,0,0,0,0,0,0,0,0,0,0,0,0,0,0,0
571,579,0,0,0,1,0,0,0,1,0,0,0,0,0,0,0,0,0,0,0,0
572,580,0,0,0,0,0,0,1,0,1,0,0,0,0,1,1,0,0,1,0,0
573,581,0,1,1,1,0,0,0,1,1,0,0,0,0,0,1,0,0,0,0,0
574,582,1,0,0,0,0,0,0,0,0,0,0,0,0,0,0,1,0,1,0,0
575,583,0,1,0,0,0,0,1,0,0,0,0,0,0,0,0,0,0,0,0,1
576,584,1,0,0,0,0,0,1,0,0,0,0,0,0,0,0,0,0,1,0,0
577,585,1,0,0,0,0,0,0,0,1,0,0,0,0,0,0,0,0,0,0,0
578,586,0,0,0,0,1,0,1,0,0,0,0,0,0,0,0,0,0,1,0,0
579,587,0,0,1,0,0,0,0,1,1,0,0,0,0,0,0,0,0,0,0,0
580,588,0,0,1,0,0,0,0,1,1,0,0,0,1,0,1,0,0,0,0,0
581,589,0,0,1,0,0,0,0,1,0,0,0,0,0,0,0,0,0,0,0,0
582,590,0,0,0,1,0,0,0,0,0,0,0,0,0,0,1,0,0,0,0,0
583,591,0,0,0,1,0,0,1,0,1,0,0,0,0,0,0,0,0,0,0,0
584,592,0,1,0,0,0,0,0,0,0,0,0,0,0,0,0,0,0,0,0,1
585,593,0,0,0,0,1,0,0,0,0,0,0,0,0,0,0,0,0,1,0,0
586,594,0,0,0,0,0,0,1,0,0,1,0,0,0,0,1,0,0,0,0,0
587,596,0,0,0,1,0,0,0,0,0,0,0,0,0,0,1,0,0,0,0,0
588,597,0,0,0,1,0,0,0,0,0,0,0,0,0,0,1,0,0,0,0,0
589,598,0,0,0,0,0,0,0,0,0,0,0,1,0,0,0,0,0,0,0,0
590,599,0,0,0,0,0,0,1,0,0,0,0,0,0,0,1,0,0,0,0,0
591,600,0,0,0,0,1,0,1,0,0,0,0,0,0,0,0,0,0,1,0,0
592,601,0,1,0,1,0,0,1,1,0,0,0,0,0,0,0,0,0,0,0,0
593,602,0,0,1,0,0,0,0,0,0,0,0,0,0,0,0,1,0,0,0,0
594,603,0,0,0,0,0,0,0,0,0,0,0,1,0,0,0,1,0,1,0,0
595,604,0,0,0,1,0,0,0,0,0,0,0,0,0,0,1,0,0,0,0,0
596,605,0,0,0,0,0,0,1,0,0,0,0,0,0,0,1,0,0,0,0,0
597,606,0,0,0,0,0,0,1,0,0,0,0,0,0,1,0,0,0,1,0,0
598,607,0,0,0,1,0,0,0,0,0,1,0,0,0,0,0,0,0,0,0,0
599,608,0,1,1,1,0,0,0,1,0,0,0,0,0,0,0,0,0,0,0,0
600,609,0,0,0,0,0,0,1,0,0,0,0,0,0,0,1,0,0,0,0,0
601,610,0,0,0,1,0,0,0,0,0,0,0,0,0,0,1,0,0,0,0,0
602,611,0,0,0,1,0,0,0,1,0,0,0,0,0,0,0,0,0,0,0,0
603,612,0,1,0,0,0,1,1,0,0,0,0,0,0,0,0,0,0,0,0,0
604,613,0,0,0,0,0,0,1,0,0,0,0,0,0,0,0,0,0,0,0,0
605,615,1,0,0,0,0,0,1,0,0,0,0,0,0,0,0,0,0,1,0,0
606,616,0,0,0,1,0,0,1,0,0,0,0,0,0,0,0,0,0,0,0,0
607,617,0,0,0,1,1,0,0,0,0,0,0,0,0,0,1,0,0,1,0,0
608,618,0,0,0,1,1,0,1,0,0,0,0,0,0,0,0,0,0,1,0,0
609,619,0,0,0,0,1,0,1,0,0,0,0,0,0,1,0,0,0,1,0,0
610,621,0,0,0,0,0,0,1,0,0,0,0,0,0,0,1,0,0,0,0,0
611,622,0,1,1,0,0,0,0,1,1,0,0,0,0,0,1,0,0,0,0,0
612,623,0,0,0,0,0,0,1,0,0,0,1,0,0,0,1,0,0,0,1,0
613,624,0,0,0,1,0,0,0,0,0,0,0,0,0,0,0,0,0,0,0,0
614,625,0,0,0,0,0,0,0,1,1,0,0,0,0,0,0,1,0,0,0,0
615,626,0,0,0,1,0,0,1,0,0,0,0,0,0,0,0,0,0,0,0,0
616,627,0,0,0,0,0,0,1,0,0,0,0,0,0,0,0,0,0,1,0,0
617,628,0,0,0,1,0,0,0,1,0,0,0,0,0,0,0,0,0,0,0,0
618,629,0,0,0,1,0,0,1,0,0,0,0,0,0,0,1,0,0,0,0,0
619,630,0,0,0,1,0,0,0,0,0,0,0,0,0,0,0,0,0,0,0,0
620,631,0,0,0,0,0,0,1,0,0,0,0,1,0,1,0,0,0,1,0,0
621,632,0,1,0,1,0,0,1,1,0,0,0,0,0,0,0,0,0,0,0,0
622,633,0,0,0,0,0,0,1,0,0,0,0,0,0,0,1,0,0,0,0,0
623,634,0,0,0,1,0,0,0,0,0,0,0,0,0,0,0,0,0,0,0,0
624,635,0,0,0,1,0,0,0,0,0,0,0,0,0,0,0,0,0,0,0,0
625,636,0,0,0,0,0,0,1,0,0,0,0,0,0,0,1,0,0,0,0,0
626,637,0,0,0,0,0,0,1,0,0,0,0,0,0,1,0,0,0,1,1,0
627,638,1,1,0,0,0,0,0,0,0,0,0,0,0,0,0,0,0,1,0,0
628,639,0,0,0,1,0,0,1,0,0,0,0,0,0,0,0,0,0,0,0,0
629,640,0,0,0,0,0,0,1,0,0,0,0,0,0,0,1,0,0,0,0,0
630,641,0,0,0,1,0,0,0,0,0,0,0,0,0,0,0,0,0,0,0,0
631,642,0,0,0,0,0,0,0,0,0,0,0,1,0,1,0,0,0,1,0,0
632,643,0,0,0,0,0,0,0,0,1,0,0,0,0,0,0,0,0,0,0,0
633,644,0,0,0,0,0,0,1,0,0,0,0,0,0,0,0,0,0,0,0,0
634,645,0,0,0,0,0,0,1,0,0,0,0,0,0,0,0,0,0,0,0,0
635,646,1,0,0,1,0,0,0,0,0,0,0,0,0,0,0,0,0,0,0,0
636,647,0,0,0,1,0,0,1,0,0,0,0,0,0,0,0,0,0,0,0,0
637,649,0,0,0,0,1,0,1,0,0,0,0,0,0,0,0,0,0,1,0,0
638,650,0,0,0,1,0,0,1,0,0,0,0,0,0,0,1,0,0,0,0,0
639,651,0,1,1,0,0,0,0,1,0,0,0,0,0,0,0,0,0,0,0,0
640,652,0,0,0,0,0,0,1,0,0,0,0,0,0,0,1,0,0,1,0,0
641,653,0,0,0,1,0,0,0,0,0,0,0,0,0,0,0,0,0,0,0,0
642,654,0,0,0,1,1,0,1,0,0,0,0,0,0,0,0,0,0,0,0,0
643,655,0,0,0,1,0,0,1,0,0,0,0,0,0,0,0,0,0,0,1,0
644,656,0,0,0,0,0,0,1,0,0,0,0,0,0,0,1,0,0,0,1,0
645,657,1,0,0,0,0,0,0,0,0,0,0,0,0,0,0,0,0,1,0,0
646,658,0,0,0,0,0,0,1,0,0,0,0,0,0,0,0,0,0,0,0,0
647,659,0,0,0,0,0,0,1,0,0,0,0,0,0,0,0,0,0,0,0,0
648,660,0,0,0,1,0,0,0,0,0,0,0,0,0,0,0,1,0,0,0,0
649,662,0,0,1,1,0,0,1,1,1,0,0,0,0,0,0,0,0,0,0,0
650,663,0,0,0,0,0,0,0,0,0,0,0,0,0,0,0,1,0,0,0,0
651,664,1,0,0,0,0,0,1,0,0,0,0,0,0,0,0,0,0,1,0,0
652,665,0,0,0,1,0,0,0,0,0,0,0,1,0,0,0,1,0,0,0,0
653,666,0,0,0,0,0,0,1,0,0,0,0,0,0,0,0,0,0,1,0,0
654,667,0,0,0,0,0,0,1,0,0,0,0,0,0,0,1,0,0,0,0,0
655,668,0,0,0,0,0,0,1,0,0,0,0,0,0,1,0,1,0,0,0,0
656,669,0,0,0,0,0,0,1,0,0,0,0,0,0,0,0,0,0,0,0,0
657,670,0,0,0,0,0,1,0,0,0,1,0,0,0,0,0,0,0,0,0,0
658,672,0,0,0,0,0,0,1,0,0,0,0,1,0,0,0,0,0,1,0,0
659,673,0,0,0,0,0,0,1,0,0,0,0,0,0,0,0,0,0,0,0,0
660,674,0,0,0,0,0,0,1,0,0,0,0,0,0,0,1,0,0,0,0,0
661,675,1,1,0,1,0,0,0,1,0,0,0,0,0,0,0,0,0,0,0,0
662,676,0,0,0,0,0,0,1,0,0,0,0,0,0,0,1,0,0,0,0,0
663,677,0,0,0,1,0,0,1,0,0,0,0,0,0,0,1,0,0,0,0,0
664,678,1,1,0,0,0,0,0,0,0,0,0,0,0,0,0,1,0,1,0,0
665,679,0,0,0,0,0,0,1,0,0,1,0,0,0,0,0,0,0,0,0,0
666,680,1,0,0,0,0,0,0,0,0,0,0,0,0,0,0,0,0,1,0,0
667,681,0,0,0,0,1,0,0,0,0,0,0,0,0,1,0,0,0,1,0,0
668,682,0,0,0,0,1,0,1,0,0,0,0,0,0,0,1,0,0,1,0,0
669,683,1,0,0,1,0,0,1,0,0,0,0,0,0,0,0,0,0,1,0,0
670,684,0,0,0,0,0,0,1,0,0,0,0,0,0,0,1,0,0,0,0,0
671,686,0,0,0,1,0,0,1,1,0,0,0,0,0,0,1,0,0,0,0,0
672,687,0,0,0,0,0,0,1,0,0,0,1,0,0,0,0,0,0,0,0,0
673,688,0,0,0,0,0,0,1,0,0,0,0,0,0,0,0,0,0,0,0,0
674,689,0,0,0,0,0,0,1,0,0,0,0,0,0,1,1,0,0,0,0,0
675,690,1,1,0,0,0,0,0,0,0,0,0,0,0,0,0,0,0,0,0,0
676,691,0,0,0,1,0,0,0,0,0,0,0,0,0,0,1,0,0,0,0,0
677,692,0,0,0,0,0,0,1,0,0,0,0,0,0,0,0,0,0,0,0,0
678,693,0,0,0,0,0,0,1,0,0,0,0,0,0,1,0,0,0,1,0,0
679,694,0,0,0,1,0,0,0,0,0,0,0,0,0,0,1,0,0,0,0,0
680,695,0,0,1,1,0,0,0,1,0,0,0,0,0,0,0,0,0,0,0,0
681,696,0,0,0,1,0,0,0,0,0,0,0,0,0,0,0,0,0,0,0,0
682,697,0,1,0,0,0,0,0,1,0,0,0,0,0,0,0,0,0,0,0,0
683,698,0,0,0,0,0,0,1,0,0,0,0,0,0,1,1,0,0,1,0,0
684,699,0,0,0,0,0,0,1,0,0,0,0,0,0,0,0,0,0,0,0,0
685,700,0,0,0,0,0,0,1,0,1,0,0,0,0,0,0,0,0,0,0,1
686,701,0,1,0,0,0,0,1,0,0,0,0,0,0,0,1,0,0,0,1,0
687,702,1,0,0,0,1,0,1,0,0,0,0,0,0,0,0,0,0,0,0,0
688,703,0,0,0,1,0,0,0,0,0,1,0,0,0,0,0,0,0,0,0,0
689,704,0,0,0,1,0,0,0,0,1,0,0,0,0,0,0,1,0,0,0,0
690,705,0,0,0,1,0,0,0,0,1,0,0,0,0,0,0,1,0,0,0,0
691,706,0,0,0,0,0,1,0,0,0,0,0,0,0,0,0,0,0,0,0,0
692,707,0,0,0,0,0,0,1,0,0,1,0,0,0,0,0,0,0,0,0,0
693,708,0,0,0,0,0,0,1,0,1,0,0,1,0,0,0,0,0,1,0,0
694,709,0,0,0,1,0,0,1,0,0,0,0,0,0,0,0,0,0,0,0,0
695,710,0,0,0,0,0,0,1,0,0,0,0,0,0,0,0,0,0,1,0,0
696,712,0,0,0,1,0,0,1,0,0,0,0,0,0,0,1,0,0,0,0,0
697,713,0,0,1,0,0,0,1,0,0,0,0,0,0,0,0,0,0,0,0,0
698,714,0,0,0,0,0,0,1,0,0,0,0,0,0,1,0,0,0,1,0,0
699,715,1,0,0,0,1,0,1,0,0,0,0,0,0,0,0,0,0,1,0,0
700,716,1,1,0,0,0,0,0,0,0,0,0,0,0,0,0,0,0,1,0,0
701,717,0,0,0,1,0,0,0,0,0,0,0,0,0,0,0,0,0,0,0,0
702,718,0,0,0,1,0,0,1,0,1,0,0,1,0,0,0,0,0,0,0,0
703,719,1,1,0,0,0,0,1,0,0,0,0,0,0,0,0,0,0,0,0,0
704,720,1,0,0,0,0,0,0,0,0,0,0,0,0,0,0,1,0,0,0,0
705,721,0,0,0,0,0,0,1,0,0,0,0,0,0,0,0,0,0,0,0,0
706,722,0,0,0,1,0,0,0,0,0,0,0,0,0,0,0,0,0,0,0,0
707,723,1,0,1,0,0,0,0,0,0,0,0,0,0,0,0,1,0,0,0,0
708,724,0,0,0,0,0,0,0,0,0,0,0,1,0,0,0,0,0,1,0,0
709,725,1,0,0,1,0,0,0,0,0,0,0,0,0,0,0,0,0,0,0,0
710,726,0,0,0,1,0,0,1,0,0,0,0,0,0,0,0,0,0,0,0,0
711,727,0,0,1,1,0,0,0,1,0,0,0,0,0,0,0,0,0,0,0,0
712,728,1,0,0,0,1,0,1,0,0,0,0,0,0,0,0,0,0,0,0,0
713,729,0,0,0,1,0,0,0,1,0,0,0,0,0,0,0,0,0,0,0,0
714,730,1,0,0,0,0,0,0,0,0,0,0,0,0,1,0,1,0,1,0,0
715,731,0,0,0,0,0,0,1,0,0,0,0,0,0,0,0,0,0,0,1,0
716,732,0,0,0,1,0,0,1,0,0,0,0,0,0,0,0,0,0,0,1,0
717,733,0,0,0,1,0,0,1,0,1,0,0,1,0,0,0,0,0,0,0,0
718,735,0,0,0,1,0,0,1,0,0,0,0,0,0,0,1,0,0,0,0,0
719,736,0,0,0,0,0,0,1,0,0,0,0,0,0,0,0,0,0,0,0,0
720,737,0,1,0,0,0,0,0,1,0,0,0,0,0,0,0,0,0,0,0,0
721,738,0,0,0,0,0,1,0,0,0,0,0,0,0,0,0,0,0,0,0,0
722,739,1,0,0,0,0,0,1,0,0,0,0,0,0,0,0,0,0,0,0,0
723,741,0,0,0,0,0,1,0,0,0,0,0,0,0,0,0,0,0,0,0,0
724,742,0,0,0,0,0,0,1,0,0,0,1,0,0,0,0,0,0,0,1,0
725,743,1,1,0,0,0,0,0,0,0,0,0,0,0,0,0,0,0,0,0,0
726,744,0,0,0,0,1,0,1,0,0,0,0,0,0,0,0,0,0,1,0,0
727,745,0,0,0,1,0,0,1,0,0,0,0,0,0,0,0,0,0,0,0,0
728,746,0,0,0,0,0,0,1,0,0,0,0,0,0,0,1,0,0,0,0,0
729,747,0,0,0,1,0,0,1,0,0,0,0,0,0,0,0,1,0,0,0,0
730,748,0,0,0,0,0,0,1,0,0,0,0,0,0,0,0,0,0,0,0,0
731,749,0,0,0,1,0,0,1,1,0,0,0,0,0,0,0,0,0,0,0,0
732,750,0,0,0,0,0,0,1,0,0,0,0,0,0,0,0,0,0,0,0,0
733,751,0,0,0,0,0,0,0,0,0,0,0,0,1,0,1,0,0,0,0,0
734,753,0,0,0,0,0,0,1,0,0,0,0,0,0,0,1,0,0,0,0,0
735,754,0,0,0,0,0,0,1,0,0,0,0,0,0,0,0,0,0,0,0,0
736,755,0,0,0,0,0,0,1,0,0,0,0,1,0,1,0,0,0,0,0,0
737,757,0,0,0,0,0,0,1,0,0,0,0,0,0,0,0,0,0,0,1,1
738,758,0,0,0,0,1,0,1,0,0,0,0,0,0,0,0,0,0,0,0,0
739,759,0,0,0,1,0,0,0,0,0,0,0,0,0,0,1,0,0,0,0,0
740,760,1,1,0,0,0,0,0,0,0,0,0,0,0,0,0,1,0,0,0,0
741,761,0,0,0,0,0,0,1,0,0,0,0,0,0,0,1,0,0,0,0,0
742,762,0,0,0,0,0,0,1,0,0,0,0,0,0,1,0,0,0,1,0,0
743,763,0,0,1,0,0,0,1,1,0,0,0,0,0,0,0,0,0,0,0,0
744,764,0,0,0,1,0,0,1,0,0,0,0,0,0,0,0,0,0,1,0,0
745,765,0,0,0,1,0,0,0,0,0,0,0,0,0,0,0,0,0,0,0,0
746,766,1,0,0,0,0,0,1,0,0,0,0,0,0,1,0,0,0,1,0,0
747,767,0,0,0,0,0,1,0,0,0,0,0,0,0,0,0,0,0,0,0,0
748,768,0,0,0,1,0,0,0,0,1,0,0,0,0,0,1,1,0,0,0,0
749,769,0,0,0,0,0,0,1,0,0,1,0,0,0,0,0,0,0,0,0,0
750,770,0,0,0,0,0,0,1,0,0,0,0,0,0,0,1,0,0,0,1,0
751,774,0,0,0,1,0,0,1,0,0,0,0,0,0,0,0,0,0,0,0,0
752,775,0,0,0,0,0,0,1,0,0,0,0,0,0,0,0,0,0,0,0,0
753,776,0,0,0,1,0,0,0,0,0,0,0,0,0,0,0,0,0,0,0,0
754,777,1,1,0,0,0,0,0,0,0,0,0,0,0,0,0,0,0,1,0,0
755,778,0,0,0,1,0,0,0,0,0,0,0,1,0,0,0,0,0,0,0,0
756,779,0,0,0,0,0,0,1,0,0,0,0,0,0,1,1,0,0,0,0,0
757,780,0,0,0,1,0,0,1,1,0,0,0,0,0,0,0,0,0,0,0,0
758,781,0,0,0,0,0,0,1,0,1,0,0,0,0,0,1,1,0,0,0,0
759,782,0,0,0,1,0,0,1,0,0,0,0,0,0,0,1,0,0,0,0,0
760,783,0,0,0,1,0,0,0,0,0,0,0,0,0,0,1,0,0,0,0,0
761,784,0,0,0,0,1,0,1,0,0,0,0,0,0,0,0,0,0,1,0,0
762,785,0,0,0,0,0,0,1,0,0,0,0,0,0,0,0,0,0,0,0,0
763,786,0,0,0,1,0,0,0,0,0,0,0,0,0,0,1,0,0,0,0,0
764,787,0,1,0,0,0,0,0,0,0,0,0,0,0,0,0,0,0,0,0,0
765,788,1,0,0,1,0,0,0,0,0,0,0,0,0,0,0,0,0,1,0,0
766,789,0,0,0,1,0,0,0,1,1,0,0,0,0,0,0,1,0,0,0,0
767,791,0,0,0,1,0,0,0,1,0,0,0,0,0,0,0,0,0,0,0,0
768,793,1,0,0,0,0,0,0,0,0,0,0,0,0,1,0,0,0,1,0,0
769,794,0,0,0,0,0,0,1,0,0,0,0,0,0,0,0,0,0,0,1,0
770,795,0,0,0,1,0,0,0,0,0,0,0,0,0,0,0,0,0,0,0,0
771,796,0,0,0,1,0,0,0,0,0,0,0,0,0,0,0,0,0,0,0,0
772,797,0,1,0,0,0,0,1,0,0,0,0,0,0,0,0,0,0,0,0,0
773,798,0,0,0,0,0,0,1,0,0,0,0,0,0,0,0,0,0,0,1,0
774,799,0,0,0,1,0,0,1,0,0,0,0,0,0,0,1,0,0,0,0,0
775,800,0,0,0,0,0,0,1,0,0,1,0,0,0,0,0,0,0,0,0,0
776,801,0,0,0,1,0,0,0,0,0,1,0,0,0,0,0,0,0,0,0,0
777,802,0,0,0,0,0,0,1,0,0,0,0,0,0,0,0,0,0,0,0,0
778,803,0,0,0,0,0,0,0,0,0,0,0,0,0,0,0,0,0,1,0,0
779,804,0,0,1,0,0,0,0,1,1,0,0,0,0,0,0,0,0,0,0,0
780,805,0,0,0,1,0,0,0,0,1,0,0,0,1,0,0,0,0,0,0,0
781,806,0,0,0,1,0,0,0,0,0,0,0,0,0,0,0,0,0,0,0,0
782,807,0,0,0,1,0,0,1,0,0,0,0,0,0,0,1,0,0,0,0,0
783,808,1,0,0,0,0,0,0,0,0,0,0,0,0,0,0,0,0,1,0,0
784,809,0,0,0,1,0,0,0,0,0,0,0,0,0,0,0,0,0,0,0,0
785,810,0,0,0,1,0,0,0,0,0,0,0,0,0,0,0,0,0,0,0,0
786,811,1,0,0,0,0,0,1,0,0,0,0,0,0,0,0,0,0,1,0,0
787,812,1,0,0,0,0,0,1,0,0,0,0,0,0,0,0,1,0,1,0,0
788,813,0,0,0,1,0,0,0,1,1,0,0,0,0,0,0,0,0,0,0,0
789,814,0,0,0,1,0,0,1,0,0,0,0,0,0,0,1,0,0,0,0,0
790,815,1,0,0,0,0,0,0,0,1,0,0,0,0,0,0,0,0,1,0,0
791,816,0,0,0,1,0,0,0,1,0,0,0,0,0,0,0,0,0,0,0,0
792,817,0,0,0,0,0,0,1,0,0,0,0,1,0,0,0,0,0,1,0,0
793,818,0,0,0,1,0,0,0,0,0,0,0,1,0,0,0,0,0,0,0,0
794,819,0,0,0,0,0,0,1,0,0,0,0,0,0,0,0,0,0,0,0,0
795,822,0,0,0,0,0,0,1,0,0,0,0,0,0,0,1,0,0,0,0,0
796,823,0,0,0,0,0,0,1,0,0,0,0,0,0,0,0,0,0,0,0,0
797,824,0,0,0,1,0,0,1,0,0,0,0,0,0,0,0,0,0,0,0,0
798,825,1,1,0,0,0,0,0,0,0,0,0,0,0,0,0,1,0,1,0,0
799,826,0,0,0,0,1,0,1,0,0,0,0,0,0,0,0,0,0,0,0,0
800,827,0,0,0,0,0,0,1,0,0,0,1,0,0,0,0,0,0,0,0,0
801,828,0,0,0,1,0,0,1,0,0,0,0,0,0,0,1,0,0,0,0,0
802,829,0,0,0,0,0,0,1,0,0,0,0,0,1,0,0,0,0,0,0,0
803,830,0,0,0,0,0,0,1,0,0,0,0,0,0,0,0,0,0,0,0,0
804,831,0,0,0,0,0,0,1,0,0,0,0,0,0,0,0,0,0,0,0,0
805,834,0,0,0,0,1,0,1,0,0,0,0,0,0,0,0,0,0,0,0,0
806,835,0,0,0,1,0,0,1,0,0,0,0,0,0,0,0,0,0,0,0,0
807,836,1,0,0,0,1,0,0,0,0,0,0,0,0,0,0,0,0,1,0,0
808,837,0,0,0,1,0,0,1,0,0,0,0,0,0,0,0,0,0,0,0,0
809,838,0,0,0,0,0,0,1,0,0,0,0,0,0,0,0,0,0,0,0,0
810,840,0,0,0,0,1,0,1,0,0,0,0,0,0,0,1,0,0,1,0,0
811,841,0,0,0,1,0,0,0,1,0,0,0,0,0,0,0,0,0,0,0,0
812,842,0,0,0,0,0,0,1,0,0,0,0,0,0,0,0,0,0,0,0,0
813,843,0,0,0,0,1,0,1,0,0,0,0,0,1,0,0,0,0,1,0,0
814,844,0,0,0,1,0,0,0,1,0,0,0,0,0,0,0,0,0,0,0,0
815,845,0,0,0,1,0,0,0,0,0,0,0,0,0,0,1,0,0,0,0,0
816,846,0,0,0,0,0,0,1,0,0,0,0,0,0,0,0,0,0,0,0,0
817,847,0,0,0,0,0,0,1,0,0,0,0,0,0,0,0,0,0,0,0,0
818,848,0,0,0,0,0,0,1,0,0,0,0,0,0,0,0,0,0,0,0,0
819,849,1,0,0,0,1,0,1,0,0,0,0,0,0,0,0,0,0,0,0,0
820,850,1,1,0,0,1,0,0,0,0,0,0,0,0,0,0,0,0,0,0,0
821,851,0,0,0,1,0,0,1,0,0,0,0,0,0,0,0,0,0,0,0,0
822,852,0,0,0,0,0,0,1,0,0,0,0,0,0,0,0,0,0,0,0,0
823,853,0,0,0,0,0,0,0,0,0,0,0,1,0,1,0,0,0,1,0,0
824,854,0,0,0,0,0,0,0,0,1,0,0,1,0,0,0,1,0,0,0,0
825,855,0,0,0,1,0,0,0,1,0,0,0,0,0,0,0,0,0,0,0,0
826,856,0,0,0,0,0,0,1,0,0,0,0,0,0,0,0,0,0,1,0,0
827,858,0,0,0,1,0,0,0,1,1,0,0,0,0,0,0,0,0,0,0,0
828,859,1,1,0,1,0,0,0,0,0,0,0,0,0,0,0,0,0,1,0,0
829,860,0,0,0,0,0,0,1,0,0,0,0,0,0,0,1,0,0,0,1,0
830,861,0,1,1,0,0,0,0,1,0,0,0,0,0,0,0,0,0,0,0,0
831,863,0,0,0,0,0,0,0,0,0,0,0,0,0,0,0,0,0,1,0,0
832,864,0,0,0,0,0,0,0,0,0,0,0,1,0,0,0,0,0,1,0,0
833,865,0,0,0,1,0,0,1,0,0,0,0,0,0,0,1,0,0,0,0,0
834,866,0,0,0,0,0,0,1,0,0,0,1,0,0,0,0,0,0,0,0,0
835,867,0,0,0,0,0,0,1,0,0,0,0,0,0,0,1,0,0,0,0,0
836,868,0,0,0,0,0,0,1,0,0,0,0,0,0,0,1,0,0,0,0,0
837,869,0,0,0,0,0,0,1,0,0,0,0,0,0,0,1,0,0,0,0,0
838,870,0,0,0,0,0,0,1,0,0,0,1,0,0,0,1,0,0,1,0,0
839,871,0,0,0,1,0,0,0,0,0,0,0,0,0,0,1,0,0,0,0,0
840,872,0,0,0,1,0,0,0,0,0,0,0,0,1,0,1,0,0,0,0,0
841,873,0,0,0,1,0,0,1,0,0,0,0,0,1,0,1,0,0,0,0,0
842,874,0,0,0,1,0,0,0,0,0,0,0,0,1,0,1,0,0,0,0,0
843,875,0,0,0,1,0,0,1,0,0,0,0,0,0,0,1,0,0,0,0,0
844,876,0,0,0,0,0,0,0,0,0,0,0,0,0,1,1,0,0,1,0,0
845,877,0,0,0,0,0,0,1,0,0,0,0,0,0,1,0,0,0,1,0,0
846,878,0,0,0,1,0,0,0,0,0,0,0,0,0,0,1,0,0,0,0,0
847,879,0,0,0,0,1,0,1,0,0,0,0,0,0,1,0,0,0,1,0,0
848,880,0,0,0,1,0,0,0,0,0,0,0,0,1,0,1,0,0,0,0,0
849,881,0,0,0,0,0,0,0,0,0,0,0,0,0,1,0,0,0,1,0,0
850,882,0,0,0,1,0,0,1,0,0,0,0,0,0,0,1,0,0,0,0,0
851,883,0,0,0,1,0,0,0,0,0,0,0,0,0,0,1,0,0,0,0,0
852,884,0,0,0,1,0,0,0,0,0,0,0,0,0,1,1,0,0,1,0,0
853,885,0,0,0,0,0,0,1,0,0,0,0,0,0,0,1,0,0,0,0,0
854,886,0,0,0,0,1,0,0,0,0,0,0,0,0,1,0,0,0,1,0,0
855,887,0,0,0,0,0,0,1,1,0,0,0,0,1,0,1,0,0,0,0,0
856,888,0,0,0,1,0,0,1,0,0,0,0,0,0,0,1,0,0,0,0,0
857,889,0,0,0,1,0,0,0,0,0,0,0,0,0,0,1,0,0,0,0,0
858,890,0,0,0,1,0,0,1,1,0,0,0,0,0,0,0,0,0,0,0,0
859,891,0,0,0,1,0,0,0,0,0,0,0,0,1,0,1,0,0,0,0,0
860,892,0,1,0,0,0,0,0,1,1,0,0,0,0,0,0,0,0,0,0,0
861,893,0,0,0,0,0,0,1,0,0,0,0,0,0,0,1,0,0,0,1,0
862,894,0,0,0,1,0,0,1,0,0,0,0,0,0,0,0,0,0,0,0,0
863,895,0,0,0,0,0,0,1,0,0,0,0,0,0,0,0,0,0,0,0,0
864,896,0,0,0,0,0,0,1,0,0,0,0,0,0,1,0,0,0,0,0,0
865,897,0,1,0,0,0,0,0,0,0,0,0,0,0,1,0,1,0,0,0,0
866,898,0,1,0,0,0,0,0,0,0,0,0,0,0,0,1,0,0,0,0,0
867,899,0,0,0,0,0,0,1,0,0,0,0,0,0,0,0,0,0,0,0,0
868,900,0,0,0,1,0,0,1,0,0,0,0,0,0,0,0,0,0,0,0,0
869,901,0,0,0,0,0,0,1,0,0,0,0,0,0,1,0,0,0,0,0,0
870,902,0,0,0,0,0,0,0,0,0,0,0,0,0,1,0,0,0,1,1,0
871,903,0,0,0,0,0,0,1,0,0,0,0,0,0,0,1,0,0,1,0,0
872,904,0,0,0,0,0,0,1,0,0,0,0,0,0,1,0,0,0,1,0,0
873,905,0,0,0,0,0,0,1,0,0,0,0,0,0,0,1,0,0,0,0,0
874,906,0,0,0,0,1,0,1,0,0,0,0,0,0,1,1,0,0,1,0,0
875,907,0,0,0,1,0,0,1,1,0,0,0,0,0,0,1,0,0,0,0,0
876,908,0,0,0,1,0,0,0,0,0,0,0,0,1,0,0,0,0,0,0,0
877,909,0,0,0,1,0,0,0,0,0,0,0,0,0,0,1,0,0,0,0,0
878,910,0,0,0,1,0,0,1,0,0,0,0,0,0,0,1,0,0,0,0,0
879,911,0,0,0,1,0,0,0,0,0,0,0,0,1,0,1,0,0,0,0,0
880,912,0,0,0,1,0,0,0,0,0,0,0,0,0,0,1,0,0,0,0,0
881,913,1,1,0,0,0,0,0,0,0,0,0,0,0,0,1,0,0,0,0,0
882,914,1,1,0,0,0,0,1,0,0,0,0,0,0,0,1,0,0,0,0,1
883,915,0,0,0,0,0,0,1,0,0,0,0,0,0,1,0,0,0,0,0,0
884,916,0,0,0,0,0,0,0,0,1,0,0,0,0,1,1,0,0,0,0,0
885,917,0,1,0,0,0,0,1,0,1,0,0,0,0,1,0,0,0,0,0,0
886,918,0,0,0,1,0,0,0,0,0,0,0,0,1,0,1,0,0,0,0,0
887,919,0,0,0,1,0,0,0,0,0,0,0,0,0,0,0,0,0,0,1,0
888,920,0,0,0,1,0,0,0,0,0,0,0,0,0,0,1,0,0,0,0,0
889,921,1,0,0,0,0,0,1,0,0,0,0,0,0,0,0,0,0,0,0,1
890,922,0,0,0,0,0,0,1,0,0,0,0,0,0,0,0,0,0,0,0,0
891,923,0,0,0,1,1,0,0,0,0,0,0,0,0,1,0,0,0,0,0,0
892,924,0,0,0,1,0,0,1,0,0,0,0,0,0,0,0,0,0,0,0,0
893,925,0,1,0,1,0,0,0,1,1,0,0,0,0,0,1,0,0,0,0,0
894,926,0,0,0,0,0,0,1,1,1,0,0,0,0,0,0,0,0,0,0,0
895,927,0,0,0,1,0,0,1,0,0,0,0,0,0,0,0,0,0,0,0,0
896,928,0,0,0,1,0,0,0,0,0,0,0,0,0,0,1,0,0,0,0,0
897,929,0,0,0,0,0,0,1,0,0,0,0,0,0,0,1,0,0,0,0,0
898,930,0,0,0,0,0,0,1,0,0,0,0,0,0,0,0,0,0,0,0,0
899,931,0,0,0,1,0,0,0,0,0,0,0,0,0,1,1,0,0,1,0,0
900,932,0,0,0,0,0,0,1,0,0,0,0,0,0,0,0,0,0,0,0,0
901,933,0,0,0,1,0,0,0,0,1,0,0,0,0,0,1,0,0,0,0,0
902,934,0,0,0,0,0,0,1,1,0,0,0,0,0,0,0,0,0,0,0,0
903,935,0,0,0,0,1,0,1,0,0,0,0,0,0,1,0,0,0,1,0,0
904,936,0,0,0,1,0,0,0,0,0,0,0,0,1,0,1,0,0,0,0,0
905,937,0,0,0,0,0,0,0,0,0,0,0,0,0,0,1,0,0,0,0,1
906,938,1,0,0,0,0,0,0,0,0,0,0,0,0,1,0,0,0,1,0,0
907,939,0,0,0,0,0,0,1,0,0,0,0,0,0,0,0,0,0,0,1,0
908,940,1,1,0,0,0,0,0,0,0,0,0,0,0,0,0,0,0,0,0,1
909,941,0,0,0,0,0,0,0,0,0,0,0,1,0,0,0,0,0,0,0,0
910,942,0,1,0,0,0,0,0,0,0,0,0,0,0,0,1,0,0,0,1,0
911,943,1,1,0,1,1,0,1,0,0,0,0,0,0,0,1,0,0,0,0,0
912,944,0,0,0,0,0,0,1,0,0,0,0,0,0,0,1,0,0,0,0,0
913,945,0,0,0,0,0,0,1,0,0,0,0,0,0,0,1,0,0,0,0,0
914,946,0,0,0,1,0,0,1,0,0,0,0,0,0,0,1,0,0,0,0,0
915,947,1,0,0,0,0,0,1,0,0,0,0,0,0,1,1,0,0,0,0,0
916,948,0,0,0,1,0,0,0,0,0,0,0,0,0,0,0,0,0,0,0,0
917,949,0,0,0,0,0,0,1,0,0,0,0,0,0,0,1,0,0,0,1,0
918,950,0,0,0,0,0,0,0,0,0,0,0,0,1,1,0,0,0,0,0,0
919,951,0,0,0,0,0,0,1,0,0,0,0,0,0,0,0,0,0,0,0,0
920,952,1,0,0,0,0,0,0,0,0,1,0,0,0,0,0,0,0,0,0,0
921,953,0,0,0,0,0,0,1,0,0,0,0,0,0,0,0,0,0,0,0,0
922,954,0,0,0,0,0,0,1,0,0,0,0,0,0,0,1,0,0,0,0,0
923,956,0,0,0,1,0,0,1,0,0,0,0,0,0,0,1,0,0,0,0,0
924,957,0,0,0,0,0,1,0,1,0,0,0,0,0,0,0,0,0,0,0,0
925,958,1,1,0,0,0,0,1,1,0,0,0,0,0,0,0,0,0,0,0,0
926,959,0,0,0,0,0,0,1,0,0,0,0,0,0,0,1,0,0,0,0,0
927,960,0,0,0,1,0,0,1,0,0,0,0,0,1,0,0,0,0,0,0,0
928,961,0,0,0,0,0,0,1,0,0,0,0,0,0,0,0,0,0,0,0,0
929,962,1,1,0,0,0,0,0,0,0,0,0,0,0,0,0,0,0,1,0,0
930,963,0,0,0,0,0,0,1,0,0,0,0,0,0,0,0,0,0,1,0,0
931,964,0,0,0,0,0,0,1,0,0,0,0,0,0,0,0,0,0,1,0,0
932,965,0,0,0,0,0,0,1,0,0,0,0,0,0,0,1,0,0,0,0,0
933,966,0,0,0,0,0,0,1,0,0,0,0,0,0,0,0,0,0,0,0,0
934,967,1,0,0,0,1,0,1,0,0,0,0,0,0,0,0,0,0,1,0,0
935,968,1,0,0,0,0,0,1,0,0,0,0,0,0,0,0,0,0,1,0,0
936,969,1,0,0,0,1,0,1,0,0,0,0,0,0,0,0,0,0,0,0,0
937,970,0,0,0,1,1,0,0,0,0,0,0,0,0,0,0,0,0,0,0,0
938,971,0,0,0,1,1,0,0,0,0,0,0,0,0,0,0,0,0,1,0,0
939,972,0,0,0,1,0,0,0,0,0,0,0,0,0,0,0,0,0,0,0,0
940,974,0,0,0,0,0,0,1,0,0,0,0,0,0,0,0,0,0,1,0,0
941,975,1,1,0,0,1,0,1,0,0,0,0,0,0,0,0,0,0,1,0,0
942,976,1,0,0,1,0,0,1,1,0,0,0,0,0,0,0,0,0,0,0,0
943,977,0,0,0,0,1,0,1,0,0,0,0,0,0,0,0,0,0,0,0,0
944,978,0,0,0,1,0,0,0,1,0,0,0,0,0,0,0,0,0,0,0,0
945,979,1,1,0,0,0,0,0,1,0,0,0,0,0,0,0,0,0,0,0,1
946,980,0,1,0,0,0,0,0,1,1,0,0,0,0,0,0,1,0,0,0,0
947,981,0,0,0,1,0,0,0,1,1,0,0,0,0,0,0,0,0,0,0,0
948,982,0,0,0,1,0,0,0,1,1,0,0,0,0,0,1,0,0,0,0,0
949,983,0,1,0,0,0,0,1,0,0,0,0,0,0,0,0,0,0,0,0,1
950,984,0,0,0,1,0,0,0,1,0,0,0,0,0,0,0,0,0,0,0,0
951,985,0,1,0,0,0,0,0,0,0,0,0,0,0,0,0,0,0,0,0,0
952,986,0,1,0,1,0,0,1,1,0,0,0,0,0,0,0,0,0,0,0,0
953,987,0,0,0,1,0,0,0,1,0,0,0,0,0,0,0,0,0,0,0,0
954,988,0,1,0,0,0,0,0,1,0,0,0,0,0,0,0,0,0,0,0,0
955,989,0,0,0,1,0,0,1,1,0,0,0,0,0,0,0,0,0,0,0,0
956,990,0,1,0,0,0,0,1,0,0,0,0,0,0,0,0,1,0,0,0,0
957,991,0,0,0,1,0,0,0,0,0,0,0,0,0,0,0,0,0,0,0,0
958,992,0,0,0,1,0,0,1,1,1,0,0,0,0,0,0,0,0,0,0,0
959,993,0,0,1,0,0,0,0,1,1,0,0,0,0,0,1,0,0,0,0,0
960,994,0,0,1,0,0,0,0,1,0,0,0,0,1,0,0,0,0,0,0,0
961,995,0,0,1,0,0,0,0,1,0,0,0,0,1,0,0,0,0,0,0,0
962,996,0,0,1,0,0,0,0,1,0,0,0,0,0,0,0,0,0,0,0,0
963,997,0,0,1,0,0,0,1,1,0,0,0,0,0,0,0,0,0,0,0,0
964,998,0,1,0,0,0,0,0,0,0,0,0,0,0,0,0,0,0,0,0,0
965,999,0,0,0,1,0,0,0,1,1,0,0,0,0,0,0,0,0,0,0,0
966,1000,0,0,1,0,0,0,0,1,0,0,0,0,0,0,0,0,0,0,0,0
967,1001,0,0,1,1,0,0,0,1,1,0,0,0,0,0,0,0,0,0,0,0
968,1002,0,1,1,1,0,0,0,1,1,0,0,0,1,0,0,0,0,0,0,0
969,1003,0,1,1,0,0,0,0,1,1,0,0,0,0,0,0,0,0,0,0,0
970,1004,0,1,1,0,0,0,1,1,0,0,0,0,0,0,0,0,0,0,0,0
971,1005,0,0,0,1,0,0,1,0,0,0,0,0,0,0,0,0,0,1,0,0
972,1006,0,0,0,0,0,0,1,1,0,0,0,0,1,0,1,0,0,0,0,0
973,1007,1,0,0,0,0,0,0,0,0,0,0,0,0,0,0,0,0,1,0,0
974,1008,0,0,0,0,0,0,0,0,0,0,0,1,0,0,0,1,0,1,0,0
975,1009,0,0,0,0,0,0,1,0,0,0,0,0,0,0,1,0,0,0,0,0
976,1010,0,0,0,0,0,1,0,0,0,0,0,0,0,0,0,0,0,0,0,0
977,1011,0,0,0,0,0,0,1,0,0,0,0,0,0,0,0,0,0,1,0,0
978,1012,0,0,0,0,0,0,1,0,0,0,0,0,0,0,0,0,0,0,0,0
979,1013,0,0,0,1,0,0,1,0,0,0,0,0,0,0,0,0,0,0,0,0
980,1014,0,0,0,0,0,0,1,0,0,0,0,0,0,0,1,0,0,0,0,0
981,1015,0,0,0,0,0,0,1,0,0,0,0,0,0,0,1,0,0,0,0,0
982,1016,0,0,0,1,0,0,0,0,0,0,0,0,0,0,1,0,0,0,0,0
983,1017,0,0,0,1,0,0,1,0,0,0,0,0,0,0,1,0,0,0,0,0
984,1018,1,0,0,0,1,0,0,0,0,0,0,0,0,1,0,0,0,1,0,0
985,1019,0,1,0,0,0,0,0,0,0,0,0,0,0,0,0,0,0,0,0,0
986,1020,0,0,0,0,0,1,0,0,0,0,0,0,0,0,0,0,0,0,0,0
987,1021,0,0,0,1,0,0,1,0,0,0,0,0,0,0,0,0,0,0,0,0
988,1022,0,0,0,0,0,0,1,0,0,0,0,0,0,0,0,0,0,0,0,0
989,1023,0,0,0,0,1,0,1,0,0,0,0,0,0,0,0,0,0,0,0,0
990,1024,0,0,0,0,0,0,1,0,0,0,0,0,0,0,0,0,0,0,0,0
991,1025,1,0,0,0,0,0,0,0,0,0,0,0,0,0,0,0,0,1,0,0
992,1026,0,0,0,0,0,0,1,0,0,0,0,0,0,0,1,0,0,0,0,0
993,1027,0,0,0,1,0,0,0,0,0,0,0,0,1,0,1,0,0,0,0,0
994,1028,0,0,0,0,0,0,1,0,0,0,0,0,0,0,1,0,0,0,0,0
995,1029,0,0,0,0,0,0,1,0,0,0,0,0,0,0,1,0,0,0,0,0
996,1030,0,0,0,1,0,0,0,0,0,0,0,0,0,0,1,0,0,0,0,0
997,1031,0,0,0,0,1,0,1,0,0,0,0,0,0,0,0,0,0,1,0,0
998,1032,0,0,0,0,0,0,1,0,0,0,0,0,0,0,0,0,0,0,0,0
999,1033,0,0,0,0,0,0,1,0,0,0,0,0,0,0,0,0,0,0,0,0
1000,1034,0,1,1,0,0,0,0,1,0,0,0,0,0,0,0,0,0,0,0,0
1001,1035,0,0,0,0,0,0,0,0,0,0,0,0,0,1,0,0,0,0,0,0
1002,1036,0,0,0,1,0,0,0,0,0,0,0,0,1,0,1,0,0,0,0,0
1003,1037,0,0,0,1,0,0,0,0,0,0,0,0,1,0,1,0,0,0,0,0
1004,1038,0,0,0,0,1,0,1,0,0,0,0,0,0,1,0,0,0,1,0,0
1005,1039,0,0,0,0,1,0,1,0,0,0,0,0,0,1,0,0,0,1,0,0
1006,1040,0,1,0,0,0,0,1,0,0,0,0,0,0,0,1,0,0,0,0,0
1007,1041,1,0,0,0,0,0,1,0,0,0,0,0,0,0,1,0,0,0,1,0
1008,1042,0,0,0,0,0,0,0,1,1,0,0,0,0,0,0,0,0,0,0,0
1009,1043,0,0,0,1,0,0,0,0,0,0,0,0,0,0,1,0,0,0,0,0
1010,1044,0,0,0,0,0,0,0,0,0,0,0,1,0,0,0,0,0,0,0,0
1011,1045,0,0,0,1,0,0,0,0,0,0,0,0,0,0,1,1,0,0,0,0
1012,1046,0,0,0,1,0,0,0,0,0,0,0,0,0,0,0,0,0,0,0,0
1013,1047,0,0,0,1,1,0,0,0,0,0,0,0,0,0,0,0,0,0,0,0
1014,1048,0,0,0,1,0,0,0,0,0,0,0,0,0,0,0,0,0,0,0,0
1015,1049,0,0,0,1,0,0,0,0,0,0,0,0,1,0,1,0,0,0,0,0
1016,1050,0,0,0,1,0,0,1,0,0,0,0,0,0,0,0,0,0,0,0,0
1017,1051,0,1,0,1,0,0,0,0,0,0,0,0,0,0,0,0,0,0,0,0
1018,1052,0,0,0,0,1,0,1,0,0,0,0,0,0,0,0,0,0,0,0,0
1019,1053,0,1,0,0,0,0,1,0,0,0,0,0,0,0,0,0,0,0,0,0
1020,1054,0,0,0,0,1,0,0,0,0,0,0,0,0,1,0,0,0,1,0,0
1021,1056,0,0,0,0,0,0,1,0,0,0,0,0,1,0,1,0,0,0,0,0
1022,1057,0,0,0,0,1,0,0,0,0,0,0,0,0,0,0,0,0,1,0,0
1023,1058,1,0,0,0,0,0,1,0,0,0,0,0,0,0,0,0,0,0,1,0
1024,1059,0,0,0,1,0,0,0,0,0,0,0,0,0,0,0,0,0,0,0,0
1025,1060,0,0,0,0,0,0,0,0,0,0,0,0,0,1,0,0,0,1,0,0
1026,1061,0,0,0,0,0,0,1,0,0,0,0,0,1,0,0,0,0,0,0,0
1027,1062,0,0,0,0,1,0,1,0,0,0,0,0,0,0,1,0,0,1,0,0
1028,1063,0,0,0,0,1,0,1,0,0,0,0,0,0,1,0,0,0,0,0,0
1029,1064,0,0,0,0,0,0,1,0,0,0,0,0,0,0,1,0,0,0,0,0
1030,1065,0,1,0,0,0,0,0,1,1,0,0,0,0,0,0,1,0,0,0,0
1031,1066,0,0,0,1,0,0,0,0,0,0,0,0,0,0,0,0,0,0,0,0
1032,1067,0,0,0,0,0,0,1,1,1,0,0,0,0,0,0,0,0,0,0,0
1033,1068,0,1,0,0,0,0,0,0,0,0,0,0,0,0,0,0,0,0,0,0
1034,1069,1,0,0,0,0,0,0,0,0,0,0,0,0,0,1,0,0,0,1,0
1035,1070,1,0,0,1,0,0,0,0,0,0,0,0,0,0,0,0,0,0,0,0
1036,1071,0,0,0,0,0,0,1,0,0,0,0,0,0,0,0,0,0,0,0,0
1037,1072,0,0,0,0,0,0,1,0,0,0,0,0,0,0,0,0,0,0,0,0
1038,1073,0,0,0,0,0,0,0,0,0,0,0,1,0,0,0,0,0,0,0,0
1039,1074,0,0,0,0,0,1,0,0,0,0,0,0,0,0,0,0,0,0,0,0
1040,1075,0,0,0,1,0,0,0,0,0,0,0,0,0,0,0,0,0,0,0,0
1041,1076,0,0,0,0,1,0,1,0,0,0,0,0,0,0,0,0,0,0,0,0
1042,1077,0,0,0,0,0,1,0,0,0,0,0,0,0,0,0,0,0,0,0,0
1043,1078,0,0,0,1,0,0,0,0,0,0,0,0,0,0,0,0,0,0,0,0
1044,1079,0,0,0,1,0,0,0,0,0,0,0,0,0,0,0,0,0,0,0,0
1045,1080,0,0,0,0,1,0,1,0,0,0,0,0,0,0,0,0,0,0,0,0
1046,1081,0,0,0,1,0,0,0,0,0,0,0,1,0,0,0,0,0,0,0,0
1047,1082,0,0,0,0,0,0,1,0,0,0,0,0,0,0,0,0,0,0,0,0
1048,1083,0,0,0,0,0,0,1,0,0,0,0,0,0,0,0,0,0,0,0,0
1049,1084,1,1,0,0,0,0,1,0,0,0,0,0,0,0,0,0,0,0,0,1
1050,1085,0,0,0,0,0,0,1,0,0,0,0,0,0,0,0,0,0,0,0,0
1051,1086,0,0,0,0,0,0,1,0,0,0,0,0,0,0,0,0,0,0,0,0
1052,1087,0,0,0,1,0,0,0,0,0,0,0,0,0,0,0,0,0,0,0,0
1053,1088,0,0,0,0,0,1,0,0,0,0,0,0,0,0,0,0,0,0,0,0
1054,1089,0,0,0,0,0,0,1,0,0,0,0,0,0,0,0,0,0,0,0,0
1055,1090,0,0,0,1,1,0,0,0,0,0,0,0,0,1,0,0,0,0,0,0
1056,1091,0,0,0,1,0,0,0,1,1,0,0,0,0,0,0,0,0,0,0,0
1057,1092,1,1,0,0,0,0,0,0,0,0,0,0,0,0,0,1,0,1,0,0
1058,1093,0,0,0,0,0,0,0,0,0,0,0,1,0,0,0,0,0,0,0,0
1059,1094,1,0,0,0,0,0,0,0,0,0,0,0,0,0,0,1,0,0,0,0
1060,1095,0,0,0,0,0,0,1,0,0,0,0,1,0,0,0,0,0,0,0,0
1061,1096,0,0,0,0,0,0,1,0,0,0,0,0,0,0,0,0,0,0,0,0
1062,1097,0,0,0,0,0,0,1,0,0,0,0,0,0,0,0,0,0,0,0,0
1063,1098,0,0,0,0,0,0,1,0,0,0,0,0,0,0,0,0,0,0,0,0
1064,1099,0,0,0,1,0,0,0,0,0,0,0,0,0,0,0,0,0,0,0,0
1065,1100,0,1,0,1,0,0,0,0,1,0,0,0,0,0,0,0,0,0,0,0
1066,1101,0,0,0,0,0,0,1,0,0,0,0,0,0,0,1,0,0,0,0,0
1067,1103,0,0,0,0,0,0,1,0,0,0,0,0,0,0,0,0,0,0,0,0
1068,1104,0,0,0,0,0,0,1,0,0,0,0,0,0,0,0,0,0,0,0,0
1069,1105,0,0,0,1,1,0,0,0,0,0,0,0,0,0,0,0,0,0,0,0
1070,1106,0,0,0,0,0,1,0,0,0,0,0,0,0,0,0,0,0,0,0,0
1071,1107,0,0,0,0,0,1,0,0,0,0,0,0,0,0,0,0,0,0,0,0
1072,1109,0,0,0,0,0,1,0,0,0,0,0,0,0,0,0,0,0,0,0,0
1073,1110,0,0,1,1,0,0,0,1,0,0,0,0,0,0,0,0,0,0,0,0
1074,1111,0,0,0,0,0,1,0,0,0,0,0,0,0,0,0,0,0,0,0,0
1075,1112,0,0,0,0,1,0,1,0,0,0,1,0,0,1,1,0,0,0,0,0
1076,1113,0,0,1,0,0,0,1,0,1,0,0,0,0,0,0,0,0,0,0,0
1077,1114,0,0,0,0,0,0,1,0,0,0,0,0,0,0,0,0,0,1,0,0
1078,1115,0,0,0,0,1,0,0,0,0,0,0,0,0,0,0,0,0,0,0,0
1079,1116,0,0,0,0,1,0,0,0,0,0,0,0,0,0,0,0,0,1,0,0
1080,1117,0,0,0,0,0,0,1,0,0,0,0,0,0,0,0,0,0,0,0,0
1081,1118,0,0,0,0,0,0,1,0,0,0,0,0,0,0,0,0,0,0,0,0
1082,1121,0,0,0,1,0,0,0,0,0,0,0,0,0,0,0,0,0,0,0,0
1083,1122,0,0,0,0,0,0,1,0,0,0,1,0,0,0,0,0,0,0,1,0
1084,1123,0,0,0,1,0,0,1,0,0,0,0,0,0,0,0,0,0,0,0,0
1085,1124,0,0,0,1,0,0,1,0,0,0,0,0,0,0,0,0,0,0,0,0
1086,1125,0,0,0,1,0,0,1,0,0,0,0,0,0,0,0,0,0,0,0,0
1087,1126,0,0,0,0,0,0,1,0,0,0,0,0,0,0,0,0,0,0,0,0
1088,1127,0,0,0,1,0,0,0,0,0,0,0,0,0,0,0,0,0,0,0,0
1089,1128,0,0,0,0,0,0,0,0,0,0,0,1,0,0,0,0,0,0,0,0
1090,1129,0,0,0,0,0,1,0,0,0,0,0,0,0,0,0,0,0,0,0,0
1091,1130,1,0,0,0,0,0,0,0,0,0,0,0,0,0,0,0,0,0,0,0
1092,1131,0,0,0,1,0,0,1,0,0,0,0,0,0,0,0,0,0,0,0,0
1093,1132,0,0,0,0,0,0,1,0,0,0,0,0,0,0,1,0,0,0,0,0
1094,1133,0,0,0,0,1,0,1,0,0,0,0,0,0,0,0,0,0,0,0,0
1095,1134,0,0,0,1,0,0,0,0,0,0,0,0,0,0,0,0,0,0,0,0
1096,1135,0,0,0,1,0,0,0,0,1,0,0,0,0,0,0,1,0,0,0,0
1097,1136,0,0,0,0,0,0,1,0,0,0,0,0,0,0,0,0,0,1,0,0
1098,1137,0,0,0,0,0,0,1,0,0,0,0,0,0,0,1,0,0,0,0,0
1099,1138,0,0,0,0,0,0,1,0,0,0,0,0,0,0,0,0,0,0,1,0
1100,1139,0,0,0,0,1,0,1,0,0,0,0,0,0,0,0,0,0,0,0,0
1101,1140,0,0,0,1,0,0,0,0,0,1,0,0,0,0,0,0,0,0,0,0
1102,1141,0,0,0,0,0,0,0,0,0,0,0,0,0,0,0,0,0,0,0,1
1103,1142,0,0,0,0,0,0,1,0,0,0,0,0,0,0,1,0,0,0,1,0
1104,1143,0,0,0,1,0,0,0,0,0,0,0,0,0,0,1,0,0,0,1,0
1105,1144,0,0,0,0,0,0,1,0,0,0,0,0,0,0,0,0,0,0,0,0
1106,1145,0,0,0,0,0,0,1,0,0,0,0,0,0,0,0,0,0,0,0,0
1107,1146,0,0,0,0,0,0,1,0,0,0,0,0,0,0,0,0,0,0,0,0
1108,1147,0,0,0,1,0,0,1,0,0,0,0,0,0,0,1,0,0,0,0,0
1109,1148,0,0,0,0,1,1,0,0,0,0,0,0,0,1,0,0,0,0,0,0
1110,1149,0,0,0,1,1,0,1,0,0,0,0,0,0,0,1,0,0,0,0,0
1111,1150,0,0,0,0,0,1,0,0,0,0,0,0,1,0,0,0,0,0,0,0
1112,1151,0,0,0,0,0,1,0,0,0,0,0,0,0,0,0,0,0,0,0,0
1113,1152,0,0,0,0,0,0,1,0,0,0,0,0,0,0,0,0,0,0,0,0
1114,1153,0,0,0,1,0,0,0,0,0,0,0,0,0,0,0,0,0,0,0,0
1115,1154,1,1,0,0,0,0,0,0,0,0,0,0,0,0,0,1,0,0,0,0
1116,1155,0,1,0,1,0,0,0,1,1,0,0,0,0,0,1,0,0,0,0,0
1117,1156,1,1,0,0,0,0,0,0,0,0,0,0,0,0,0,0,0,0,0,0
1118,1157,0,0,0,1,0,0,0,0,0,0,0,0,0,0,0,1,0,0,0,0
1119,1158,1,0,0,0,0,0,0,0,0,0,0,1,0,0,0,1,0,1,0,0
1120,1159,0,0,0,0,0,0,0,0,0,0,0,0,0,0,0,0,0,0,0,1
1121,1160,0,0,0,1,0,0,1,0,0,0,0,0,0,0,0,0,0,0,0,0
1122,1161,0,0,0,0,0,0,1,0,0,0,0,0,0,0,0,0,0,0,0,0
1123,1162,0,1,0,0,0,0,1,0,0,0,1,0,0,0,0,0,0,0,1,0
1124,1163,0,0,0,0,0,0,1,0,0,0,0,0,0,0,0,1,0,0,0,0
1125,1164,0,0,0,0,1,0,1,0,0,0,0,0,0,0,0,0,0,0,0,0
1126,1165,0,0,0,0,0,0,1,0,0,0,0,0,0,0,0,0,0,0,1,0
1127,1166,0,0,0,0,0,0,0,0,0,0,0,0,0,0,0,0,0,0,0,1
1128,1167,1,1,0,0,0,0,0,0,0,0,0,0,0,0,0,1,0,0,0,0
1129,1168,0,0,0,0,0,0,1,0,1,0,0,0,0,0,1,0,0,0,0,0
1130,1169,0,0,0,0,0,0,0,0,0,0,0,0,0,1,0,0,0,1,0,0
1131,1170,0,0,0,0,1,0,1,0,0,0,0,0,0,0,0,0,0,0,0,0
1132,1171,1,0,0,0,0,0,0,0,0,0,0,1,0,0,0,1,0,1,0,0
1133,1172,0,0,0,1,0,0,0,0,1,0,0,1,0,0,0,0,0,0,0,0
1134,1173,0,1,0,0,0,0,1,0,0,0,0,0,0,0,1,0,0,0,0,0
1135,1174,1,0,0,0,0,0,1,0,0,0,1,0,0,0,0,0,0,0,0,0
1136,1175,1,0,0,0,1,0,1,0,0,0,0,0,0,0,0,0,0,1,0,0
1137,1176,0,0,0,0,0,0,1,0,0,0,0,1,0,0,0,0,0,1,0,0
1138,1177,1,0,0,1,1,0,0,0,0,0,0,0,1,0,0,0,0,0,0,0
1139,1178,0,0,0,0,1,0,1,0,0,0,0,0,0,0,0,0,0,0,0,0
1140,1179,0,0,0,0,0,0,1,0,0,0,0,0,0,0,0,0,0,0,1,0
1141,1180,0,1,1,1,0,0,0,1,0,0,0,0,0,0,0,1,0,0,0,0
1142,1181,1,0,0,0,0,0,1,0,0,0,1,0,0,0,1,0,0,0,1,0
1143,1182,0,0,0,0,0,0,1,0,0,0,1,0,1,0,0,0,0,0,0,0
1144,1183,0,0,0,1,0,0,1,0,0,0,0,0,0,0,1,0,0,0,0,0
1145,1184,0,0,0,0,1,0,1,0,0,0,0,0,0,0,0,0,0,0,0,0
1146,1185,0,0,0,0,0,0,1,0,0,0,0,0,0,0,0,0,0,0,0,0
1147,1186,0,0,0,1,0,0,1,0,0,0,0,0,0,0,1,0,0,0,0,0
1148,1187,0,0,0,0,0,0,1,0,0,0,1,0,0,0,0,0,0,0,0,0
1149,1188,0,0,0,0,0,0,1,0,0,0,0,0,0,0,0,1,0,1,0,0
1150,1189,1,1,0,0,0,0,1,0,0,0,1,0,0,0,0,0,0,0,1,0
1151,1190,0,0,0,1,1,0,1,0,0,0,0,0,0,0,0,0,0,0,0,0
1152,1191,0,0,0,1,0,0,1,0,0,0,0,0,0,0,1,0,0,0,0,0
1153,1192,0,0,0,1,0,0,1,0,0,0,0,0,0,0,0,0,0,0,0,0
1154,1193,0,0,0,0,0,0,1,0,1,0,0,0,0,0,0,0,0,0,0,0
1155,1194,0,0,0,1,0,0,1,0,0,0,0,0,0,0,0,0,0,0,0,0
1156,1195,1,0,0,0,0,0,0,0,0,0,0,0,0,0,0,1,0,1,0,0
1157,1196,0,0,0,1,0,0,0,0,0,0,0,1,0,0,0,0,0,0,0,0
1158,1197,0,0,0,0,0,0,0,0,0,0,0,0,0,0,0,0,0,0,1,0
1159,1198,0,0,0,1,0,0,1,0,0,0,0,0,0,0,0,0,0,0,0,0
1160,1199,0,0,0,1,0,0,1,0,0,0,0,0,0,0,1,0,0,0,0,0
1161,1200,0,0,0,0,1,0,1,0,0,0,0,0,0,0,0,0,0,1,0,0
1162,1201,0,0,0,0,0,0,1,0,0,0,0,0,0,0,0,0,0,0,0,0
1163,1202,0,0,0,0,0,0,1,0,0,0,0,0,0,0,0,0,0,0,0,0
1164,1203,0,0,0,0,1,0,1,0,0,0,0,0,0,0,0,0,0,1,0,0
1165,1204,1,0,0,0,0,0,0,0,0,0,0,0,0,0,0,0,0,1,0,0
1166,1205,0,0,0,0,0,0,1,0,0,0,1,0,0,0,0,0,0,0,1,0
1167,1206,0,0,0,0,0,0,1,0,1,0,0,0,0,0,0,0,0,0,0,0
1168,1207,0,0,0,0,1,0,1,0,0,0,0,0,0,1,0,0,0,1,0,0
1169,1208,0,0,0,0,0,0,1,0,0,0,0,0,0,0,0,1,0,1,0,0
1170,1209,1,1,0,0,0,0,1,0,0,0,0,0,0,0,0,0,0,0,0,1
1171,1210,1,0,0,1,0,0,0,0,0,0,0,1,0,0,0,1,0,0,0,0
1172,1211,0,0,0,1,0,0,0,0,0,0,0,0,0,0,0,0,0,0,0,0
1173,1212,0,0,0,1,0,0,0,0,0,0,0,0,0,0,0,0,0,0,0,0
1174,1213,0,0,0,0,0,0,0,0,0,0,0,1,0,0,0,0,0,1,0,0
1175,1214,0,0,0,0,1,0,1,0,0,0,0,0,0,0,0,0,0,0,0,0
1176,1215,1,0,0,0,1,0,1,0,0,0,0,0,0,0,0,0,0,1,0,0
1177,1216,0,0,0,1,0,0,0,0,1,0,0,1,0,0,0,0,0,0,0,0
1178,1217,0,1,0,0,0,0,1,0,0,0,1,0,0,0,0,0,0,1,1,0
1179,1218,0,0,0,0,0,0,1,0,0,0,0,0,0,0,0,0,0,0,1,0
1180,1219,1,0,0,0,0,0,1,0,0,0,0,0,1,0,0,0,0,1,0,0
1181,1220,0,0,0,1,0,0,1,0,1,0,0,0,0,0,1,0,0,0,0,0
1182,1221,0,0,0,0,0,0,0,0,0,0,0,0,0,0,0,0,0,0,0,1
1183,1222,0,0,0,0,0,0,0,0,0,0,0,0,0,1,0,0,0,1,0,0
1184,1223,0,0,0,0,0,0,1,0,0,0,0,0,1,0,0,0,0,0,0,0
1185,1224,0,0,0,1,1,0,0,0,0,0,0,0,0,0,0,0,0,0,0,0
1186,1225,0,1,0,1,0,0,0,1,0,0,0,0,0,0,0,1,0,0,0,0
1187,1226,0,0,0,1,0,0,1,0,0,0,0,0,0,0,0,0,0,0,0,0
1188,1227,0,0,0,0,0,0,1,0,0,0,1,0,0,0,0,0,0,0,1,0
1189,1228,0,0,0,1,1,0,1,0,0,0,0,0,0,0,0,0,0,0,0,0
1190,1229,0,0,1,0,0,0,0,0,0,0,0,0,0,0,0,1,0,0,0,0
1191,1230,1,1,0,0,0,0,0,0,1,0,0,0,0,0,0,0,0,0,0,0
1192,1231,0,0,0,0,1,0,1,0,0,0,0,0,0,0,0,0,0,0,0,0
1193,1232,0,0,0,1,0,0,1,0,0,0,1,0,0,0,1,0,0,0,0,0
1194,1233,0,0,0,1,0,0,0,0,0,0,0,0,0,0,0,1,0,0,0,0
1195,1234,0,0,0,1,0,0,1,0,0,0,0,0,0,0,0,0,0,0,0,0
1196,1235,0,0,0,0,0,0,1,0,0,0,0,0,0,0,0,0,0,0,0,0
1197,1236,0,0,0,1,0,0,0,0,0,0,0,0,0,0,0,0,0,0,0,0
1198,1237,0,0,1,0,0,0,0,1,0,0,0,0,1,0,0,0,0,0,0,0
1199,1238,0,0,0,0,0,0,0,0,0,0,0,0,0,0,0,0,0,0,0,1
1200,1239,0,0,0,0,1,0,1,0,0,0,0,0,0,1,0,0,0,1,0,0
1201,1240,0,0,0,1,0,0,1,0,0,0,0,0,0,0,0,0,0,1,0,0
1202,1241,0,0,0,0,0,0,1,0,1,0,0,0,0,0,1,1,0,0,0,0
1203,1242,1,1,0,0,0,0,1,0,0,0,1,0,0,0,0,0,0,0,0,0
1204,1243,0,0,0,1,0,0,0,0,0,0,0,0,1,0,0,0,0,0,0,0
1205,1244,0,0,0,0,0,1,0,0,0,0,0,0,1,0,0,0,0,0,0,0
1206,1245,0,0,0,0,0,0,1,0,0,0,0,0,0,0,1,0,0,0,0,0
1207,1246,1,1,0,0,0,0,0,0,0,0,0,0,0,0,0,0,0,0,0,0
1208,1247,0,0,0,1,0,0,1,0,0,0,0,0,0,0,0,0,0,0,0,0
1209,1248,0,0,0,0,0,0,1,0,0,0,1,0,0,0,0,0,0,0,0,0
1210,1249,0,0,0,1,0,0,0,0,0,0,0,0,0,0,1,0,0,0,0,0
1211,1250,0,0,0,0,0,0,1,0,0,0,0,0,0,0,1,0,0,0,0,0
1212,1251,0,0,0,1,0,0,0,0,0,0,0,0,0,0,1,0,0,0,0,0
1213,1252,0,0,0,0,0,0,0,0,0,0,0,0,1,0,0,0,0,0,0,0
1214,1253,0,0,0,0,0,0,1,0,0,0,1,0,0,0,0,0,0,0,1,0
1215,1254,0,0,0,1,0,0,1,0,0,0,0,0,0,0,0,0,0,0,0,0
1216,1255,1,1,0,0,0,0,0,0,0,0,0,0,0,0,0,1,0,0,0,0
1217,1256,0,0,0,0,0,0,1,0,1,0,0,0,0,0,0,0,0,0,0,0
1218,1257,0,1,0,0,0,0,1,0,0,0,0,0,0,0,0,0,0,0,0,0
1219,1258,0,0,0,0,1,0,1,0,0,0,1,0,0,0,0,0,0,0,0,1
1220,1259,0,0,0,0,0,0,1,0,0,0,0,0,0,0,0,0,0,0,0,0
1221,1260,1,0,0,0,0,0,1,0,0,0,0,0,0,0,0,1,0,1,0,0
1222,1261,0,0,0,1,0,0,1,0,0,0,0,0,0,0,1,0,0,0,0,0
1223,1264,0,0,0,0,0,1,0,0,0,0,0,0,1,0,0,0,0,0,0,0
1224,1265,0,0,0,1,0,0,0,1,0,0,0,0,0,0,0,0,0,0,0,0
1225,1266,0,0,0,0,0,0,1,0,0,0,0,0,0,0,1,0,0,0,0,0
1226,1267,1,0,0,1,1,0,1,0,0,0,0,0,0,0,0,0,0,0,0,0
1227,1268,0,0,0,1,0,0,0,0,0,0,0,0,0,0,1,0,0,0,0,0
1228,1269,0,0,0,0,0,1,0,0,0,0,0,0,0,0,0,0,0,0,0,0
1229,1270,0,0,0,1,0,0,0,0,0,0,0,0,0,0,0,0,0,0,0,0
1230,1271,0,0,0,1,0,0,0,0,0,0,0,0,0,0,1,0,0,0,0,0
1231,1273,1,0,0,0,0,0,0,0,0,0,0,1,0,0,0,1,0,0,0,0
1232,1274,0,0,0,1,0,0,0,0,0,0,0,1,0,0,0,0,0,0,0,0
1233,1275,0,0,0,0,0,0,0,0,0,0,0,1,0,0,0,0,0,0,0,0
1234,1276,0,0,0,0,0,0,0,0,0,0,0,1,0,0,0,0,0,1,0,0
1235,1277,0,0,0,0,0,0,0,0,0,0,0,1,0,0,0,0,0,0,0,0
1236,1278,0,0,0,0,0,0,0,0,0,0,0,1,0,0,0,0,0,0,0,0
1237,1279,0,0,0,0,0,0,0,0,0,0,0,1,0,0,0,0,0,0,0,0
1238,1280,0,0,0,0,0,0,1,0,0,0,0,1,0,0,0,0,0,1,0,0
1239,1281,0,0,0,0,0,0,0,0,0,0,0,1,0,0,0,0,0,0,0,0
1240,1282,0,0,0,0,0,0,0,0,0,0,0,1,0,0,0,0,0,0,0,0
1241,1283,0,0,0,0,0,0,0,0,0,0,0,1,0,1,0,0,0,0,0,0
1242,1284,0,0,0,0,0,0,1,0,1,0,0,1,0,0,0,0,0,1,0,0
1243,1285,0,0,0,0,1,0,1,0,0,0,0,1,0,1,0,0,0,1,0,0
1244,1286,0,0,0,0,0,0,0,0,0,0,0,1,0,0,0,0,0,0,0,0
1245,1287,0,0,0,0,0,0,0,0,0,0,0,1,0,0,0,1,0,0,0,0
1246,1288,0,0,0,1,0,0,0,0,0,0,0,1,0,0,0,1,0,0,0,0
1247,1289,0,0,0,0,0,0,0,0,0,0,0,1,0,0,0,0,0,1,0,0
1248,1290,0,0,0,0,0,0,0,0,0,0,0,1,0,0,0,0,0,1,0,0
1249,1291,0,0,0,0,0,0,0,0,0,0,0,1,0,0,1,0,0,0,0,0
1250,1292,0,0,0,0,0,0,0,0,0,0,0,1,0,0,0,1,0,0,0,0
1251,1293,0,0,0,0,0,0,0,0,0,0,0,1,0,0,0,0,0,0,0,0
1252,1294,0,0,0,0,0,0,1,0,0,0,0,1,0,0,0,0,0,1,0,0
1253,1295,0,0,0,0,1,0,0,0,0,0,0,0,0,0,0,0,0,1,0,0
1254,1296,0,0,0,0,0,0,1,0,0,0,0,0,0,0,0,0,0,1,0,0
1255,1297,0,0,0,0,0,0,0,0,0,0,0,1,0,0,0,0,0,1,0,0
1256,1298,0,0,0,0,0,0,1,0,1,0,0,1,0,0,0,0,0,1,0,0
1257,1299,0,0,0,0,0,0,0,0,0,0,0,1,0,0,0,0,0,0,0,0
1258,1300,0,0,0,0,0,0,0,0,1,0,0,1,0,0,0,0,0,0,0,0
1259,1301,0,0,0,0,0,0,0,0,0,0,0,1,0,0,0,0,0,0,0,0
1260,1302,0,0,0,0,0,0,0,0,0,0,0,1,0,0,0,0,0,1,0,0
1261,1303,0,0,0,0,1,0,1,0,0,0,0,0,0,0,0,0,0,1,0,0
1262,1304,0,0,0,0,1,0,1,0,0,0,0,0,0,0,0,0,0,1,0,0
1263,1305,0,0,0,1,0,0,1,0,0,0,0,0,0,0,1,0,0,0,0,0
1264,1306,0,0,0,0,0,0,1,0,0,0,0,0,0,0,1,0,0,0,0,0
1265,1307,1,0,0,0,0,0,1,0,0,0,0,1,0,1,0,0,0,1,0,0
1266,1308,1,1,0,0,0,0,0,0,0,0,0,0,0,0,0,1,0,1,0,0
1267,1309,0,0,0,0,0,0,1,0,0,0,0,0,0,0,0,0,0,0,0,0
1268,1310,0,0,0,0,0,0,1,0,0,0,0,0,0,0,0,0,0,0,0,0
1269,1311,0,0,0,1,0,0,0,1,0,0,0,0,0,0,0,0,0,0,0,0
1270,1312,0,0,0,0,0,0,1,0,0,0,0,0,0,0,1,0,0,0,0,0
1271,1313,0,0,0,0,0,1,1,0,0,0,0,0,0,0,0,0,0,0,0,0
1272,1314,0,0,0,1,0,0,1,1,1,0,0,0,0,0,1,1,0,0,0,0
1273,1315,0,0,0,0,0,0,1,0,0,0,0,0,0,0,0,0,0,1,0,0
1274,1316,0,0,0,1,0,0,1,0,0,0,0,0,0,0,1,0,0,0,0,0
1275,1317,0,0,0,0,0,0,1,0,0,0,1,0,0,0,0,0,0,0,0,0
1276,1318,0,0,0,1,0,0,0,1,0,0,0,0,0,0,0,0,0,0,0,0
1277,1319,0,0,0,0,0,0,1,0,0,0,0,0,0,0,0,0,0,0,0,0
1278,1320,0,0,0,0,0,0,1,0,0,0,0,0,0,1,0,0,0,0,0,0
1279,1321,1,0,0,0,0,0,0,0,0,0,0,0,0,0,0,0,0,1,0,0
1280,1322,0,1,0,0,0,0,0,0,0,0,0,0,0,1,0,1,0,0,0,0
1281,1323,1,1,0,0,0,0,0,0,0,0,0,0,0,0,0,1,0,1,0,0
1282,1324,1,1,0,0,0,0,0,0,0,0,0,0,0,0,0,1,0,1,0,0
1283,1325,1,1,0,0,0,0,0,0,0,0,0,0,0,0,0,1,0,1,0,0
1284,1326,1,1,0,0,0,0,0,0,0,0,0,0,0,0,0,1,0,1,0,0
1285,1327,0,1,0,0,0,0,0,0,0,0,0,0,0,0,0,1,0,0,0,0
1286,1328,1,0,0,0,0,0,0,0,1,0,0,0,0,0,0,0,0,0,0,0
1287,1329,1,1,0,0,1,0,1,0,0,0,0,0,0,0,0,0,0,0,0,1
1288,1330,0,1,0,0,0,0,0,0,0,0,0,0,0,0,0,0,0,0,0,1
1289,1331,0,0,0,0,0,0,0,0,0,0,0,0,0,0,1,0,0,0,0,0
1290,1332,0,0,0,1,0,0,1,1,0,0,0,0,1,0,1,0,0,0,0,0
1291,1333,1,0,0,0,0,0,0,0,0,0,0,0,0,0,0,0,0,1,0,0
1292,1334,1,0,0,0,0,0,0,0,0,0,0,0,0,0,0,1,0,1,0,0
1293,1335,0,0,0,0,0,0,1,0,0,0,0,0,0,0,0,0,0,0,0,0
1294,1336,1,0,0,0,0,0,0,0,0,0,0,0,0,0,0,0,0,1,0,0
1295,1337,1,0,0,0,0,0,0,0,0,0,0,0,0,0,0,0,0,0,0,1
1296,1338,0,1,0,0,0,0,0,0,0,0,0,1,0,0,0,0,0,1,0,0
1297,1339,0,0,0,0,0,0,0,0,0,0,0,1,0,0,0,0,0,1,0,0
1298,1340,0,0,0,0,0,0,0,0,0,0,0,1,0,0,0,0,0,1,0,0
1299,1341,0,0,0,1,0,0,1,0,0,0,0,0,0,0,0,0,0,0,0,0
1300,1342,0,0,0,1,0,0,0,0,1,0,0,0,0,0,0,1,0,0,0,0
1301,1343,0,0,0,1,0,0,1,0,0,0,0,0,0,0,0,0,0,0,0,0
1302,1344,0,0,0,1,0,0,1,0,0,0,0,0,0,0,1,0,0,0,0,0
1303,1345,0,0,0,1,1,0,0,0,0,0,0,0,0,0,0,0,0,0,0,0
1304,1346,0,0,0,1,0,0,1,0,0,0,0,0,0,0,0,0,0,0,0,0
1305,1347,0,0,0,1,1,0,1,0,0,0,0,0,0,0,0,0,0,0,0,0
1306,1348,0,0,0,0,0,0,1,0,0,0,0,0,0,0,0,0,0,0,0,0
1307,1349,0,0,0,0,0,0,1,0,0,0,0,0,0,0,1,0,0,0,0,0
1308,1350,0,0,0,0,0,0,1,0,0,0,0,0,0,0,0,0,0,0,0,0
1309,1351,0,0,0,0,0,0,1,0,0,0,0,0,0,0,0,0,0,0,0,0
1310,1352,0,0,0,0,0,0,1,0,0,0,1,0,0,0,0,0,0,0,0,0
1311,1353,0,0,0,0,1,0,1,0,0,0,0,0,0,0,0,0,0,0,0,0
1312,1354,0,0,1,1,0,0,0,0,0,0,0,0,0,0,0,0,0,0,0,0
1313,1355,0,0,0,0,0,0,1,0,0,0,0,0,0,0,0,0,0,1,0,0
1314,1356,0,0,0,0,1,0,0,0,0,0,0,1,0,1,0,0,0,0,0,0
1315,1357,1,1,0,0,0,0,1,0,0,0,1,0,0,0,1,0,0,0,1,0
1316,1358,0,0,0,1,0,0,1,0,1,0,0,0,0,0,0,0,0,0,0,0
1317,1359,0,0,0,1,0,0,1,1,0,0,0,0,0,0,1,0,0,0,0,0
1318,1360,0,0,0,0,0,0,1,0,0,0,0,0,0,0,0,0,0,0,0,0
1319,1361,0,0,0,0,0,0,1,0,0,0,1,0,0,0,0,0,0,0,0,0
1320,1362,0,0,0,0,0,0,1,0,0,0,0,0,0,0,1,0,0,0,0,0
1321,1363,0,0,0,1,0,0,0,0,0,0,0,0,0,0,0,0,0,0,0,0
1322,1364,0,0,0,0,1,0,1,0,0,0,0,0,0,0,1,0,0,0,0,0
1323,1365,0,0,0,0,0,0,1,0,0,0,1,0,1,0,0,0,0,0,0,0
1324,1366,0,0,0,0,0,0,1,0,0,0,0,0,0,0,1,0,0,0,0,0
1325,1367,0,1,0,0,0,0,1,0,0,0,0,0,0,0,0,0,0,0,0,0
1326,1368,0,0,0,0,0,1,0,0,0,0,0,0,1,0,0,0,0,0,0,0
1327,1369,1,0,0,0,1,0,1,0,0,0,0,0,0,1,0,0,0,1,0,0
1328,1370,0,0,0,0,0,1,1,0,0,1,0,0,0,0,1,0,0,1,0,0
1329,1371,0,0,0,0,1,0,1,0,0,0,0,0,0,0,0,0,1,0,0,0
1330,1372,0,0,0,1,0,0,0,0,0,0,0,0,0,0,1,0,0,0,0,0
1331,1373,1,1,0,1,0,0,0,1,0,0,0,0,0,0,1,0,0,0,0,0
1332,1374,1,0,0,0,1,0,0,0,0,0,0,0,0,0,0,0,0,1,0,0
1333,1375,0,0,0,0,0,0,1,0,0,0,0,0,0,0,0,0,0,0,0,0
1334,1376,1,1,0,1,1,0,1,0,0,0,0,0,0,0,0,0,0,1,0,0
1335,1377,1,0,0,1,0,0,1,0,0,0,0,0,0,0,0,0,0,1,0,0
1336,1378,1,0,0,1,0,0,0,0,0,0,0,0,0,0,0,0,0,0,0,0
1337,1379,1,1,0,1,1,0,0,0,0,0,0,0,0,0,0,0,0,1,0,0
1338,1380,0,0,0,0,0,0,0,0,0,0,0,1,0,0,0,1,0,1,0,0
1339,1381,0,0,0,0,0,0,1,0,0,0,0,0,0,0,1,0,0,0,0,0
1340,1382,0,0,0,0,0,0,1,0,0,0,0,0,0,0,0,0,0,0,0,0
1341,1383,1,1,0,0,0,0,0,0,0,0,0,0,0,0,0,0,0,1,0,0
1342,1384,0,0,0,1,0,0,0,0,0,0,0,0,0,0,0,0,0,0,0,0
1343,1385,1,0,0,1,0,0,0,0,0,0,0,0,0,0,0,0,0,0,0,0
1344,1386,0,0,0,1,0,0,1,0,0,0,0,0,0,0,1,0,0,0,0,0
1345,1387,0,0,0,0,0,0,1,0,0,0,0,0,0,0,1,0,0,0,0,0
1346,1388,0,0,0,0,0,1,0,0,0,0,0,0,0,0,0,0,0,0,0,0
1347,1389,0,0,0,1,0,0,1,0,0,1,0,0,0,0,1,0,0,0,0,0
1348,1390,1,0,0,1,0,0,0,0,0,0,0,0,0,0,1,0,0,0,0,0
1349,1391,0,0,0,1,0,0,1,0,0,0,0,0,1,0,0,0,0,0,0,0
1350,1392,0,0,0,1,1,0,1,0,0,0,0,0,0,0,0,0,0,0,0,0
1351,1393,0,0,0,0,0,1,0,0,0,0,0,0,0,0,0,0,0,0,0,0
1352,1394,0,0,0,1,0,0,0,0,0,0,0,0,1,0,0,0,0,0,0,0
1353,1395,0,0,0,0,0,0,1,0,0,0,0,0,0,0,0,0,0,0,1,0
1354,1396,0,0,0,1,0,0,0,0,0,0,0,0,0,0,1,0,0,0,0,0
1355,1397,0,0,0,1,0,0,1,0,0,0,0,0,0,0,0,0,0,0,0,0
1356,1398,0,0,0,1,0,0,0,0,0,1,0,0,0,0,1,0,0,0,0,0
1357,1399,1,0,0,1,0,0,0,0,0,0,0,0,0,0,0,0,0,0,0,0
1358,1400,0,0,0,1,0,0,1,0,0,0,0,0,0,0,1,0,0,0,0,0
1359,1401,1,0,0,1,0,0,1,0,0,1,0,0,0,0,1,0,0,0,0,0
1360,1402,0,0,0,0,1,0,1,0,0,0,0,0,0,0,0,0,0,1,0,0
1361,1403,0,0,0,1,0,0,0,1,0,0,0,0,0,0,0,0,0,0,0,0
1362,1404,0,0,0,1,0,0,0,0,0,0,0,0,0,0,0,0,0,0,0,0
1363,1406,0,0,0,1,0,0,1,0,0,0,0,0,0,0,1,0,0,0,0,0
1364,1407,0,0,0,0,0,0,1,0,0,0,0,0,0,1,0,0,0,1,0,0
1365,1408,0,0,0,0,0,0,1,0,0,0,1,0,0,0,0,0,0,0,0,0
1366,1409,0,0,0,0,1,0,1,0,0,0,0,0,0,0,0,0,0,1,0,0
1367,1410,0,0,0,1,0,0,0,0,0,0,0,0,0,0,0,0,0,0,0,0
1368,1411,0,0,0,1,0,0,0,0,0,0,0,0,0,0,0,0,0,0,0,0
1369,1412,0,0,0,0,0,1,0,0,0,0,0,0,0,0,0,0,0,0,0,0
1370,1413,0,0,0,0,0,0,1,0,0,0,0,0,0,0,1,0,0,0,0,0
1371,1414,0,0,0,0,1,0,1,0,0,0,0,0,0,0,0,0,0,1,0,0
1372,1415,0,0,0,1,0,0,0,0,0,0,0,0,0,0,1,0,0,0,0,0
1373,1416,0,0,0,1,0,0,0,1,0,0,0,0,0,0,0,0,0,0,0,0
1374,1417,0,0,0,0,0,0,1,0,0,0,1,0,0,0,1,0,0,0,0,0
1375,1418,0,0,0,1,0,0,1,0,0,0,0,0,0,0,0,0,0,0,0,0
1376,1419,0,0,0,1,0,0,1,0,0,0,0,0,0,0,1,0,0,0,0,0
1377,1420,1,1,0,0,0,0,0,0,0,0,0,0,0,0,1,1,0,1,0,0
1378,1421,1,0,0,0,1,0,1,0,0,0,0,0,0,1,0,0,0,1,0,0
1379,1422,0,0,0,1,0,0,1,0,0,0,0,0,0,0,0,0,0,0,0,0
1380,1423,0,0,0,0,0,0,1,0,0,0,0,0,0,0,1,0,0,1,0,0
1381,1424,0,0,0,1,0,0,1,0,0,0,0,0,0,1,0,0,0,0,0,0
1382,1425,0,0,0,1,0,0,0,0,0,0,0,0,0,0,0,0,0,0,0,0
1383,1426,0,0,0,0,0,0,1,0,0,1,0,0,0,0,0,0,0,0,0,0
1384,1427,0,0,0,0,0,0,1,0,0,0,0,0,0,0,0,0,0,0,0,0
1385,1428,0,0,0,0,1,0,1,0,0,0,0,0,0,0,0,0,0,1,0,0
1386,1429,0,0,1,1,0,0,0,1,0,0,0,0,1,0,0,0,0,0,0,0
1387,1430,1,0,0,1,0,0,0,0,0,0,0,0,0,0,0,0,0,0,0,0
1388,1431,0,0,0,1,0,0,0,0,0,0,0,0,0,0,1,0,0,0,0,0
1389,1432,1,1,0,0,0,0,0,1,1,0,0,0,0,0,0,1,0,1,0,0
1390,1433,0,0,0,0,0,0,1,0,0,0,0,0,0,0,1,0,0,0,0,0
1391,1434,1,0,0,0,0,0,0,0,0,0,0,0,0,0,0,1,0,0,0,0
1392,1435,0,0,0,0,0,0,1,0,0,0,0,0,0,0,1,0,0,0,0,0
1393,1436,0,1,0,0,0,0,0,0,0,0,0,1,0,0,0,0,0,1,0,0
1394,1437,1,0,0,1,0,0,0,0,0,0,0,0,0,0,1,0,0,1,0,0
1395,1438,0,0,0,0,1,0,1,0,0,0,0,0,0,0,0,0,0,1,0,0
1396,1439,0,0,0,0,0,0,1,0,0,0,0,0,0,0,1,0,0,0,0,0
1397,1440,0,0,0,1,1,0,0,0,0,0,0,0,0,0,0,0,0,0,0,0
1398,1441,0,0,0,0,0,0,1,0,0,0,0,0,0,0,0,0,0,0,0,0
1399,1442,0,0,0,0,0,0,1,0,0,0,1,0,0,0,0,0,0,0,1,0
1400,1443,0,0,0,0,1,0,1,0,0,0,0,0,0,0,0,0,0,0,0,0
1401,1444,0,0,0,0,0,0,1,0,0,0,0,0,0,0,1,0,0,0,0,0
1402,1445,0,0,0,0,0,0,1,0,0,0,0,0,0,0,0,0,0,0,0,0
1403,1446,0,0,0,1,0,0,1,0,0,1,0,0,0,0,1,0,0,0,0,0
1404,1447,0,0,0,1,0,0,0,0,0,0,0,0,0,0,0,0,0,0,0,0
1405,1448,0,0,0,0,0,0,1,0,0,1,0,0,0,0,1,0,0,0,0,0
1406,1449,1,0,0,0,0,0,1,0,0,0,0,0,0,0,0,1,0,1,0,0
1407,1450,0,0,0,1,0,0,1,0,0,0,0,0,0,0,0,0,0,0,0,0
1408,1451,0,0,0,1,1,0,0,0,0,0,0,0,0,0,0,1,0,0,0,0
1409,1452,1,0,0,0,0,0,1,0,0,0,0,0,0,0,0,0,0,1,0,0
1410,1453,0,0,0,0,0,0,1,0,0,0,0,0,0,0,1,0,0,0,0,0
1411,1454,0,0,0,1,0,0,1,0,0,0,0,0,0,0,1,0,0,0,0,0
1412,1455,0,0,0,0,0,0,1,0,0,0,0,0,0,0,0,0,0,0,0,0
1413,1456,1,0,0,0,1,0,1,0,0,0,0,0,0,0,1,0,0,1,0,0
1414,1457,0,0,0,0,0,0,1,0,0,0,0,0,0,0,0,0,0,0,0,0
1415,1458,1,0,0,0,0,0,0,1,1,0,0,0,0,0,0,0,0,0,0,0
1416,1459,0,0,0,1,0,0,0,1,0,0,0,0,0,0,0,0,0,0,0,0
1417,1460,1,1,0,0,0,0,0,0,1,0,0,0,0,0,0,1,0,1,0,0
1418,1462,0,0,0,1,0,0,1,0,0,0,0,0,0,0,0,1,0,0,0,0
1419,1463,0,0,0,0,0,0,1,0,0,0,0,0,0,0,1,0,0,0,0,0
1420,1464,0,0,0,1,0,0,0,0,0,0,0,0,0,0,1,0,0,0,0,0
1421,1466,0,0,0,0,0,0,1,0,0,0,0,0,0,0,1,0,0,0,0,0
1422,1467,0,0,0,0,0,0,1,0,0,0,0,0,0,0,0,0,0,0,0,0
1423,1468,0,0,0,1,0,0,1,0,0,0,0,0,1,0,1,0,0,0,0,0
1424,1469,0,1,0,0,0,0,0,1,0,0,0,0,0,0,0,0,0,0,0,0
1425,1470,0,0,0,1,0,0,1,0,0,0,0,0,0,0,0,0,0,0,0,0
1426,1471,0,0,0,1,0,0,0,0,0,0,0,0,0,0,1,0,0,0,0,0
1427,1472,0,0,0,1,0,0,1,0,0,0,0,0,0,0,1,0,0,0,0,0
1428,1474,1,1,0,0,0,0,0,0,0,0,0,0,0,0,0,1,0,0,0,0
1429,1475,0,0,0,0,0,0,1,0,0,1,0,0,0,0,0,0,0,0,0,0
1430,1476,0,0,0,1,0,0,0,0,0,0,0,0,0,0,0,0,0,0,0,0
1431,1477,0,0,0,0,0,0,1,1,0,0,0,0,0,0,0,0,0,0,0,0
1432,1478,0,0,0,0,0,0,1,0,0,0,0,0,0,0,0,0,0,0,0,0
1433,1479,0,0,0,1,0,0,1,0,1,0,0,0,0,0,1,0,0,0,0,0
1434,1480,0,0,0,1,0,0,0,0,0,0,0,0,0,0,1,0,0,0,0,0
1435,1481,0,1,0,1,0,0,0,1,0,0,0,0,0,0,0,0,0,0,0,0
1436,1482,1,0,0,0,1,0,0,0,0,0,0,0,0,0,0,0,0,1,0,0
1437,1484,0,0,0,0,0,0,1,0,0,1,0,0,0,0,1,0,0,0,0,0
1438,1485,0,0,0,0,0,0,1,0,0,0,0,0,0,0,1,0,0,0,0,0
1439,1486,1,1,0,0,0,0,0,0,0,0,0,0,0,0,0,0,0,1,0,0
1440,1487,0,0,0,0,1,0,1,0,0,0,0,0,0,0,0,0,0,0,0,0
1441,1488,0,0,0,1,0,0,0,0,0,0,0,0,0,0,0,0,0,1,0,0
1442,1490,0,0,0,1,0,0,0,0,0,0,0,0,0,0,1,0,0,0,0,0
1443,1491,1,0,0,0,1,0,0,0,1,0,0,0,0,0,0,0,0,0,0,0
1444,1492,0,0,0,1,0,0,0,0,0,0,0,0,0,0,0,0,0,0,0,0
1445,1493,0,0,0,1,0,0,1,0,0,0,0,0,0,0,1,0,0,0,0,0
1446,1494,0,0,0,1,0,0,0,0,0,0,0,0,0,0,0,0,0,1,0,0
1447,1495,0,1,1,1,0,0,0,1,1,0,0,0,0,0,1,0,0,0,0,0
1448,1496,0,0,0,0,0,0,1,0,0,0,0,0,0,0,0,0,0,0,0,0
1449,1497,0,0,0,0,0,0,1,0,0,0,0,0,0,0,1,0,0,0,0,0
1450,1498,0,0,0,1,0,0,0,0,0,0,0,0,0,0,1,0,0,0,0,0
1451,1499,0,0,0,0,0,0,1,0,0,0,0,1,0,0,0,1,0,1,0,0
1452,1500,0,0,0,1,0,0,0,0,0,0,0,0,0,0,0,0,0,0,0,0
1453,1501,0,0,0,0,0,0,1,0,0,0,0,0,0,0,0,0,0,0,0,0
1454,1502,1,0,0,0,1,0,0,0,0,0,0,0,0,0,0,1,0,1,0,0
1455,1503,0,0,0,0,0,0,1,0,0,0,0,0,0,0,1,0,0,0,0,0
1456,1504,0,0,0,0,0,0,1,0,0,0,0,0,0,1,1,0,0,0,0,0
1457,1505,0,0,0,0,0,0,1,0,0,0,0,0,0,0,0,0,0,0,0,0
1458,1506,0,0,0,0,0,0,0,0,0,0,0,0,0,0,0,0,0,1,0,0
1459,1507,0,0,0,1,0,0,1,0,0,0,0,0,0,0,0,0,0,0,1,0
1460,1508,1,1,0,1,0,0,0,0,0,0,0,0,0,0,0,1,0,0,0,0
1461,1509,0,0,0,1,0,0,0,0,0,0,0,0,0,0,1,0,0,0,0,0
1462,1510,0,0,0,0,0,0,0,1,0,0,0,0,0,0,0,0,0,0,0,0
1463,1511,0,1,0,1,0,0,0,1,1,0,0,0,0,0,0,0,0,0,0,0
1464,1512,0,0,0,0,0,0,1,0,0,0,0,0,0,1,0,1,0,0,0,0
1465,1513,0,0,0,1,0,0,0,0,0,1,0,0,0,0,1,0,0,0,0,0
1466,1514,1,0,0,0,0,0,1,0,0,0,0,0,0,0,0,0,0,0,0,0
1467,1515,1,1,0,0,0,0,0,0,1,0,0,0,0,0,0,0,0,0,0,0
1468,1516,0,1,0,1,0,0,0,1,0,0,0,0,0,0,1,0,0,0,0,0
1469,1517,1,0,0,0,1,0,1,0,0,0,0,0,0,0,0,0,0,0,0,0
1470,1518,0,0,0,0,0,0,0,0,0,0,0,1,0,1,0,1,0,0,0,0
1471,1519,1,1,0,0,0,0,0,0,1,0,0,1,0,0,0,1,0,1,0,0
1472,1520,0,0,0,1,0,0,1,1,0,0,0,0,0,0,0,0,0,0,0,0
1473,1521,0,0,0,1,0,0,0,0,0,0,0,0,0,0,1,0,0,0,0,0
1474,1522,0,0,0,1,0,0,1,0,0,0,0,0,0,0,0,0,0,0,0,0
1475,1523,0,1,0,0,0,0,0,0,0,0,0,0,0,0,0,0,0,0,0,0
1476,1524,0,0,0,0,0,0,1,0,0,0,0,0,0,0,0,0,0,0,0,0
1477,1525,1,0,0,0,0,0,1,0,0,0,0,0,0,1,0,0,0,1,0,0
1478,1526,1,0,0,0,0,0,1,0,0,0,0,0,0,0,0,0,0,1,0,0
1479,1527,1,1,0,0,0,0,0,0,0,0,0,0,0,0,0,1,0,0,0,0
1480,1528,0,0,0,0,0,0,1,0,0,0,0,0,0,0,1,0,0,1,0,0
1481,1529,0,0,0,0,1,0,1,0,0,0,0,0,0,0,0,0,0,0,0,0
1482,1530,0,1,0,1,0,0,1,1,0,0,0,0,0,0,0,0,0,0,0,0
1483,1531,0,0,0,0,0,0,0,0,1,0,0,1,0,0,0,0,0,1,0,0
1484,1532,1,1,0,1,0,0,0,0,0,0,0,0,0,0,0,0,0,0,0,0
1485,1533,1,0,0,1,0,0,0,0,0,0,0,0,0,0,1,0,0,0,0,0
1486,1534,1,1,0,0,0,0,0,0,1,0,0,0,0,0,0,1,0,0,0,0
1487,1535,1,0,0,0,0,0,0,0,0,0,0,0,0,0,0,0,0,1,0,0
1488,1536,0,0,0,0,0,0,1,0,0,0,0,0,0,0,0,0,0,1,0,0
1489,1537,1,1,0,0,0,0,0,0,0,0,0,0,0,0,0,0,0,1,0,0
1490,1538,0,0,0,0,0,0,1,0,0,0,0,0,0,0,1,0,0,0,0,0
1491,1539,0,0,0,1,0,0,0,0,0,0,0,0,0,0,0,0,0,0,0,0
1492,1540,0,0,0,1,0,0,1,0,0,0,0,0,0,0,0,0,0,0,0,0
1493,1541,0,0,0,1,0,0,0,0,0,0,0,0,0,0,1,0,0,0,0,0
1494,1542,1,1,0,0,0,0,1,0,0,0,0,0,0,0,0,0,0,0,0,0
1495,1543,1,0,0,0,0,0,0,0,0,0,0,0,0,0,0,0,0,1,0,0
1496,1544,0,0,0,0,1,0,1,0,0,0,0,0,0,1,0,0,0,1,0,0
1497,1545,0,1,0,0,0,0,1,0,0,0,1,0,0,0,0,0,0,0,0,0
1498,1546,0,0,0,0,1,0,1,0,0,0,0,0,0,1,0,0,0,1,0,0
1499,1547,0,0,0,1,0,0,1,0,0,0,0,0,0,0,0,0,0,0,0,0
1500,1548,0,0,0,1,1,0,1,0,0,0,0,0,0,0,1,0,0,0,0,0
1501,1549,0,0,0,0,0,0,0,0,0,0,0,1,0,0,0,0,0,0,0,0
1502,1550,0,0,0,0,0,0,1,0,0,0,0,0,0,0,0,0,0,0,0,0
1503,1551,0,0,0,0,0,0,1,0,0,0,0,0,0,1,0,0,0,1,0,0
1504,1552,1,1,0,0,1,0,0,0,0,0,0,0,0,0,0,0,0,1,0,0
1505,1553,0,0,0,0,0,0,0,0,0,0,0,0,0,0,0,0,0,1,0,0
1506,1554,0,0,0,0,0,0,1,0,0,0,0,0,0,0,1,0,0,0,0,0
1507,1555,0,0,0,1,0,0,0,0,0,0,0,0,0,0,1,0,0,0,0,0
1508,1556,1,0,0,0,1,0,0,0,0,0,0,0,0,0,0,0,0,1,0,0
1509,1557,0,0,0,1,0,0,0,0,0,0,0,0,0,0,1,0,0,0,0,0
1510,1558,0,0,0,0,0,0,1,0,0,0,0,0,0,0,0,0,0,0,0,0
1511,1559,0,0,0,0,0,0,1,0,0,0,0,0,0,0,0,0,0,0,0,0
1512,1560,0,0,0,0,0,0,0,0,0,0,0,0,0,0,0,0,0,1,0,0
1513,1561,0,0,0,1,0,0,1,0,0,0,0,0,0,0,1,0,0,0,0,0
1514,1562,0,0,0,1,0,0,0,0,0,0,0,0,0,0,1,0,0,0,0,0
1515,1563,0,0,0,1,0,0,0,0,0,0,0,0,0,0,0,0,0,0,0,0
1516,1564,0,0,0,1,0,0,1,0,0,0,0,0,0,0,0,0,0,0,0,0
1517,1565,0,0,0,0,0,0,1,0,0,0,1,0,0,0,1,0,0,0,0,0
1518,1566,0,0,0,0,0,0,0,0,0,0,0,1,0,1,0,0,0,1,0,0
1519,1567,0,0,0,0,0,0,1,0,0,0,0,1,0,1,0,0,0,1,0,0
1520,1568,0,0,0,1,0,0,0,1,0,0,0,0,0,0,0,1,0,0,0,0
1521,1569,1,0,0,0,1,0,1,0,0,0,0,0,0,0,0,0,0,1,0,0
1522,1570,0,0,0,1,0,0,1,0,0,0,0,0,0,0,0,0,0,0,0,0
1523,1571,0,0,0,0,0,1,0,0,0,0,0,0,0,0,0,0,0,0,0,0
1524,1572,0,0,0,0,0,0,1,0,0,0,0,0,0,0,1,0,0,0,0,0
1525,1573,0,0,0,0,0,0,1,0,0,0,0,0,1,0,0,0,0,0,0,0
1526,1574,0,0,0,0,0,1,0,0,0,0,0,0,1,0,0,0,0,0,0,0
1527,1575,0,0,0,0,0,0,0,0,0,0,0,0,0,1,1,1,0,1,0,0
1528,1576,0,0,0,0,0,0,1,1,1,0,0,0,0,1,0,0,0,0,0,0
1529,1577,0,0,0,0,0,0,0,0,0,0,0,1,0,0,0,1,0,1,0,0
1530,1578,0,0,0,0,0,0,1,0,0,0,0,0,0,0,1,0,0,0,0,0
1531,1579,0,0,0,0,0,1,0,0,0,0,0,0,0,0,0,0,0,0,0,0
1532,1580,0,0,0,1,0,0,1,0,1,0,0,0,0,0,1,1,0,1,0,0
1533,1581,0,0,0,0,1,0,1,0,0,0,0,0,0,0,1,0,0,0,0,0
1534,1582,0,0,0,0,0,0,1,0,0,0,0,0,0,0,0,0,0,0,0,0
1535,1583,1,1,0,0,0,0,0,0,0,0,0,0,0,1,0,0,0,1,0,0
1536,1584,1,0,0,0,0,0,1,0,0,0,0,0,0,0,0,0,0,0,0,0
1537,1585,1,0,0,1,0,0,0,0,0,0,0,0,0,0,0,0,0,0,0,0
1538,1586,0,0,0,0,0,0,1,0,0,0,0,0,0,0,0,0,0,0,0,0
1539,1587,0,0,0,1,0,0,0,0,0,0,0,0,0,0,0,0,0,0,0,0
1540,1588,0,0,0,1,0,0,0,0,0,0,0,0,0,0,1,0,0,0,0,0
1541,1589,1,0,0,0,0,0,1,0,0,0,0,0,0,0,0,0,0,1,0,0
1542,1590,0,0,0,0,0,0,1,0,0,0,0,0,0,0,0,0,0,0,0,0
1543,1591,0,0,0,0,0,0,1,0,0,1,0,0,1,0,1,0,0,0,0,0
1544,1592,0,0,0,0,0,0,1,0,0,0,1,0,0,0,0,0,0,0,1,0
1545,1593,0,0,0,0,1,0,1,0,0,0,0,0,0,1,0,0,0,1,0,0
1546,1594,0,0,0,0,1,0,1,0,0,0,0,0,0,0,0,0,0,1,0,0
1547,1595,0,0,0,0,0,0,1,0,0,0,0,0,0,0,0,0,0,0,0,0
1548,1596,0,0,0,0,1,0,1,0,0,0,0,0,0,0,1,0,0,1,0,0
1549,1597,0,0,0,0,1,0,0,0,0,0,0,0,0,0,0,0,0,1,0,0
1550,1598,1,1,0,0,0,0,0,0,0,0,0,0,0,0,0,1,0,1,0,0
1551,1599,0,0,0,1,0,0,1,0,0,0,0,0,0,0,0,0,0,0,0,0
1552,1600,0,0,0,0,0,0,1,0,0,0,0,0,0,0,0,0,0,0,0,0
1553,1601,0,0,0,1,0,0,0,0,0,0,0,0,0,0,0,0,0,0,0,0
1554,1602,0,0,0,1,0,0,1,0,1,0,0,0,0,0,1,0,0,0,0,0
1555,1603,1,0,0,0,0,0,0,0,1,0,0,0,0,0,0,1,0,0,0,0
1556,1604,0,0,0,1,0,0,1,0,0,0,0,0,0,0,0,0,0,0,0,0
1557,1605,0,0,0,0,0,0,1,0,0,0,0,0,0,0,1,0,0,0,0,0
1558,1606,0,0,0,0,0,0,1,0,0,0,0,0,0,0,1,0,0,0,0,0
1559,1607,0,0,0,0,0,0,1,1,0,0,0,0,0,0,1,0,0,0,0,0
1560,1608,0,0,0,0,1,0,1,0,0,0,0,0,0,0,0,0,0,1,0,0
1561,1609,1,1,0,0,1,0,0,0,0,0,0,0,0,0,0,0,0,1,0,0
1562,1610,0,0,1,0,0,0,0,1,0,0,0,0,0,0,0,0,0,0,0,0
1563,1611,1,0,0,1,1,0,0,0,0,0,0,0,0,0,0,0,0,1,0,0
1564,1612,1,0,0,0,0,0,0,0,0,0,0,1,0,0,0,1,0,0,0,0
1565,1613,0,0,0,0,0,0,0,0,0,0,0,1,0,0,0,1,0,0,0,0
1566,1614,0,0,0,0,0,0,1,0,0,0,1,0,0,1,0,0,0,0,0,0
1567,1615,0,0,0,0,0,0,1,0,0,0,0,0,0,0,0,0,0,0,0,0
1568,1616,0,0,0,0,0,0,1,0,0,0,1,0,0,0,0,0,0,0,0,0
1569,1617,0,0,0,0,0,0,1,0,0,0,1,0,0,0,1,0,0,0,0,0
1570,1618,0,0,0,0,0,0,1,0,0,0,0,0,0,0,0,0,0,0,0,0
1571,1619,0,0,0,1,0,0,0,0,0,0,0,0,0,0,0,0,0,0,0,0
1572,1620,0,0,0,1,0,0,1,0,0,0,0,0,0,0,0,0,0,0,0,0
1573,1621,0,0,0,1,0,0,1,0,0,0,0,0,0,0,0,0,0,0,0,0
1574,1622,0,0,0,1,0,0,0,1,0,0,0,0,0,0,0,1,0,0,0,0
1575,1623,0,0,0,1,0,0,0,0,0,0,0,0,0,0,0,0,0,0,0,0
1576,1624,0,0,0,0,0,0,1,0,0,0,0,0,0,0,0,0,0,0,0,0
1577,1627,0,0,0,1,0,0,0,1,0,0,0,0,0,0,0,0,0,0,0,0
1578,1628,0,0,0,0,0,0,1,0,0,0,0,0,0,0,0,0,0,0,0,0
1579,1629,0,0,0,0,0,0,1,0,0,0,0,1,0,0,0,0,0,0,0,0
1580,1630,0,0,0,0,1,0,1,0,0,0,0,0,0,1,0,0,0,1,0,0
1581,1631,0,0,0,1,0,0,0,1,0,0,0,0,0,0,0,0,0,0,0,0
1582,1633,0,0,0,1,0,0,0,0,0,0,0,1,0,0,0,0,0,1,0,0
1583,1634,0,0,0,0,0,0,1,0,0,0,0,0,0,0,0,0,0,0,0,0
1584,1635,0,0,0,0,0,0,0,0,0,0,0,1,0,1,0,0,0,0,0,0
1585,1636,0,0,0,0,0,0,0,0,0,0,0,0,0,0,0,0,0,1,0,0
1586,1637,0,0,0,0,0,0,1,0,0,0,0,0,0,0,0,0,0,0,0,0
1587,1638,0,0,0,0,0,0,0,0,0,0,0,0,0,0,0,1,0,0,0,0
1588,1639,0,0,0,0,0,0,1,0,0,0,0,0,0,0,1,0,0,1,0,0
1589,1640,1,1,0,0,0,0,0,0,0,0,0,0,0,0,0,0,0,1,0,0
1590,1641,0,0,0,0,0,0,1,0,0,0,0,0,0,0,0,0,0,0,0,0
1591,1642,0,0,0,0,0,0,1,0,0,0,0,0,0,0,1,0,0,0,0,0
1592,1643,0,0,0,0,0,0,1,0,0,0,0,0,0,0,0,0,0,0,0,0
1593,1644,0,1,0,0,0,0,1,0,0,0,0,0,0,0,0,0,0,0,0,0
1594,1645,0,0,0,0,0,0,1,0,0,0,0,0,0,0,1,0,0,0,0,0
1595,1646,0,0,0,0,0,0,1,0,0,0,0,0,0,0,0,0,0,0,0,0
1596,1647,0,0,0,1,1,0,0,0,0,0,0,0,0,0,1,0,0,0,0,0
1597,1648,0,0,0,0,0,0,1,0,0,0,0,0,0,0,0,0,0,0,0,0
1598,1649,0,0,0,1,0,0,0,1,0,0,0,0,0,0,0,0,0,0,0,0
1599,1650,0,0,0,1,1,0,0,0,0,0,0,0,0,0,0,0,0,0,0,0
1600,1651,0,0,0,1,0,0,1,0,0,0,0,0,0,0,1,0,0,0,0,0
1601,1652,0,0,0,1,0,0,1,0,0,0,0,0,0,0,0,0,0,0,0,0
1602,1653,0,0,0,1,0,0,1,0,0,0,0,0,0,0,1,0,0,0,0,0
1603,1654,1,0,0,1,0,0,0,1,0,0,0,0,0,0,0,0,0,0,0,0
1604,1655,1,0,0,0,0,0,1,0,0,0,0,0,0,0,0,0,0,0,0,0
1605,1656,0,0,0,0,1,0,1,0,0,0,0,0,0,0,0,0,0,1,0,0
1606,1658,1,1,0,0,0,0,0,0,0,0,0,0,0,0,0,0,0,1,0,0
1607,1659,0,0,0,1,0,0,0,0,0,0,0,0,0,0,1,0,0,0,0,0
1608,1660,0,0,0,1,0,0,1,0,0,0,0,0,0,0,0,0,0,0,0,0
1609,1661,0,0,0,0,0,0,0,0,0,0,0,0,0,1,0,1,0,0,0,0
1610,1662,0,0,0,0,0,0,1,0,0,0,0,0,0,0,1,0,0,1,0,0
1611,1663,1,1,0,0,0,0,0,1,0,0,0,0,0,0,0,1,0,0,0,0
1612,1664,0,0,0,0,0,0,0,0,0,0,0,0,0,0,0,0,0,1,0,0
1613,1665,0,0,0,1,1,0,0,0,0,0,0,0,0,0,0,0,0,0,0,0
1614,1666,0,0,0,0,1,0,1,0,1,0,0,0,0,0,0,0,0,1,0,0
1615,1667,0,0,0,1,1,0,0,0,0,0,0,0,0,0,1,0,0,0,0,0
1616,1668,0,0,0,0,0,0,0,0,1,0,0,1,0,0,0,0,0,1,0,0
1617,1669,1,0,0,0,0,0,1,0,0,0,0,0,0,0,1,0,0,0,0,0
1618,1670,1,0,0,0,0,0,1,0,0,1,1,0,0,0,0,0,0,1,0,0
1619,1671,0,1,0,1,0,0,1,0,1,0,0,0,1,0,0,0,0,0,0,0
1620,1672,1,1,0,0,0,0,0,0,0,0,0,1,0,0,0,1,0,0,0,0
1621,1673,0,0,0,1,0,0,0,0,0,0,0,0,0,0,0,0,0,1,0,0
1622,1674,0,0,0,0,1,0,1,0,0,0,0,0,0,1,0,0,0,0,0,0
1623,1675,0,0,0,1,0,0,1,0,0,0,0,0,0,0,1,0,0,0,0,0
1624,1676,0,0,0,0,0,0,1,0,0,0,0,0,0,0,0,0,0,0,0,0
1625,1677,1,0,0,0,1,0,1,0,0,0,0,0,0,0,0,0,0,1,0,0
1626,1678,0,0,0,0,1,0,1,0,0,0,0,0,0,0,1,0,0,0,0,0
1627,1679,0,0,0,0,0,0,0,0,1,0,0,1,0,1,0,0,0,0,0,0
1628,1680,1,0,0,1,1,0,0,0,0,0,0,0,1,0,0,0,0,0,0,0
1629,1681,1,0,0,0,0,0,1,0,0,0,0,0,0,0,1,0,0,1,0,0
1630,1682,0,0,0,1,0,0,0,0,0,0,0,0,0,0,0,0,0,0,0,0
1631,1683,0,0,0,1,0,0,0,0,0,0,0,0,0,0,1,0,0,0,0,0
1632,1684,0,0,0,0,0,0,0,0,0,0,0,0,0,0,0,1,0,0,0,0
1633,1685,0,0,0,0,0,1,0,0,0,0,0,0,0,0,0,0,0,0,0,0
1634,1686,0,0,0,0,0,0,1,0,0,0,0,0,0,0,1,0,0,1,0,0
1635,1687,0,0,0,1,0,0,0,0,0,0,0,0,0,0,1,0,0,0,0,0
1636,1688,0,0,0,0,1,0,1,0,0,0,0,0,0,1,1,0,0,1,0,0
1637,1689,0,0,0,1,0,0,0,0,0,0,0,0,0,0,1,0,0,0,0,0
1638,1690,0,0,0,0,1,0,0,0,0,0,0,0,0,0,0,0,0,1,0,0
1639,1691,0,0,0,0,0,1,0,0,0,0,0,0,0,0,0,0,0,0,0,0
1640,1692,0,0,0,0,1,0,1,0,0,0,0,0,0,0,0,0,0,0,0,0
1641,1693,0,0,0,0,1,0,1,0,0,0,0,0,0,1,0,0,0,1,0,0
1642,1694,1,0,0,0,1,0,0,0,0,0,0,0,0,0,0,0,0,1,0,0
1643,1695,0,1,0,1,0,0,0,0,1,0,0,0,1,0,0,0,0,0,0,0
1644,1696,0,0,0,0,0,0,1,0,0,1,0,0,0,0,1,0,0,0,0,0
1645,1697,0,0,0,0,0,0,1,0,0,0,0,0,0,0,0,0,0,0,0,0
1646,1698,0,1,0,0,0,0,0,0,0,0,0,0,0,0,0,0,0,0,0,0
1647,1699,0,1,0,0,0,1,0,0,0,0,0,0,0,0,0,0,0,0,0,0
1648,1700,0,0,0,0,0,0,1,0,0,0,0,0,0,0,0,0,0,1,0,0
1649,1701,1,0,0,1,1,0,1,0,0,0,0,0,0,0,0,0,0,1,0,0
1650,1702,1,1,0,0,0,0,1,0,0,0,0,0,0,0,0,0,0,0,0,0
1651,1703,1,0,0,0,1,0,1,0,0,0,0,0,0,0,0,0,0,0,0,0
1652,1704,0,0,0,0,0,0,0,0,0,0,0,0,0,0,0,0,0,1,0,0
1653,1705,0,0,0,1,0,0,0,1,0,0,0,0,0,0,0,0,0,0,0,0
1654,1706,0,0,0,0,0,0,1,0,0,0,0,0,0,0,1,0,0,0,0,0
1655,1707,0,0,0,0,1,0,1,0,0,0,0,0,0,0,0,0,0,0,0,0
1656,1708,0,0,0,1,0,0,1,0,0,0,0,0,0,0,0,0,0,0,0,0
1657,1709,0,0,0,0,0,0,1,0,0,0,0,0,0,0,1,0,0,0,0,0
1658,1710,0,0,0,1,0,0,1,1,0,0,0,0,0,0,0,0,0,0,0,0
1659,1711,0,0,0,0,0,0,1,0,0,0,0,0,0,0,1,0,0,0,0,0
1660,1712,0,0,0,0,0,0,1,0,0,0,0,0,0,0,0,0,0,0,0,0
1661,1713,0,0,0,0,0,0,1,0,0,0,0,0,0,0,1,0,0,0,0,0
1662,1714,0,0,0,1,0,0,1,0,0,0,0,0,0,0,1,0,0,0,0,0
1663,1715,0,0,0,0,0,1,0,0,0,0,0,0,0,0,0,0,0,0,0,0
1664,1716,0,0,0,0,0,0,1,0,0,0,0,0,0,0,1,0,0,0,0,0
1665,1717,0,0,0,1,0,0,1,0,0,0,0,0,0,0,1,0,0,0,0,0
1666,1718,0,0,1,1,0,0,0,1,0,0,0,0,0,0,0,0,0,0,0,0
1667,1719,1,0,0,1,1,0,1,0,0,0,0,0,0,0,0,0,0,1,0,0
1668,1720,0,0,0,0,0,0,1,0,0,0,0,0,0,0,0,0,0,0,0,0
1669,1721,0,0,0,0,0,0,0,1,0,0,0,0,0,0,0,0,0,0,0,0
1670,1722,0,0,0,0,0,1,0,0,0,0,0,0,0,0,0,0,0,0,0,0
1671,1723,0,0,0,0,0,0,1,0,0,0,0,0,0,0,1,0,0,0,0,0
1672,1724,0,1,0,0,0,0,0,1,0,0,0,0,0,0,0,1,0,0,0,0
1673,1725,1,0,0,0,1,0,1,0,0,0,0,0,0,0,0,0,0,1,0,0
1674,1726,1,0,0,0,1,0,1,0,0,0,0,0,0,0,0,0,0,1,0,0
1675,1727,0,0,0,0,1,0,1,0,0,0,0,0,0,1,0,0,0,1,0,0
1676,1728,0,0,0,0,0,0,1,0,1,0,0,0,0,0,1,0,0,0,0,0
1677,1729,0,0,0,1,0,0,1,0,0,0,0,0,0,0,1,0,0,0,0,0
1678,1730,0,1,0,1,0,0,0,0,0,0,0,0,0,0,0,0,0,0,0,0
1679,1731,0,0,0,1,0,0,1,1,0,0,0,0,0,0,0,0,0,0,0,0
1680,1732,0,0,0,0,0,0,1,0,0,0,0,0,0,0,0,0,0,0,0,0
1681,1733,0,0,0,0,0,0,0,0,0,0,0,0,0,0,0,0,0,1,0,0
1682,1735,0,1,0,0,0,0,0,1,0,0,0,0,0,0,0,0,0,0,0,0
1683,1736,0,0,0,0,0,0,1,0,0,0,0,0,0,0,1,0,0,1,0,0
1684,1737,0,0,0,1,1,0,0,0,0,0,0,0,0,1,0,0,0,1,0,0
1685,1738,0,0,0,0,0,0,1,0,0,0,0,0,0,0,0,0,0,0,0,0
1686,1739,0,0,0,0,0,0,0,0,0,0,0,0,0,0,0,0,0,1,0,0
1687,1740,1,1,0,1,0,0,0,1,1,0,0,0,0,0,0,0,0,0,0,0
1688,1741,0,1,0,0,0,0,0,0,1,0,0,0,0,0,0,0,0,0,0,0
1689,1742,0,0,0,1,0,0,0,0,0,0,0,0,0,0,1,0,0,0,0,0
1690,1743,0,0,0,1,0,0,1,0,0,0,0,0,0,0,1,0,0,0,0,0
1691,1744,0,0,0,0,0,0,1,0,0,0,0,0,0,0,0,0,0,1,0,0
1692,1745,0,0,0,1,0,0,0,0,0,0,0,0,0,0,0,0,0,0,0,0
1693,1746,0,0,0,1,0,0,0,0,0,0,0,0,0,0,1,0,0,0,0,0
1694,1747,0,0,0,1,0,0,1,1,0,0,0,0,0,0,0,0,0,0,0,0
1695,1748,0,0,0,0,0,1,0,0,0,0,0,0,1,0,0,0,0,0,0,0
1696,1749,0,0,0,1,0,0,1,0,0,0,0,0,0,0,1,0,0,0,0,0
1697,1750,1,0,0,1,1,0,0,0,0,0,0,0,0,0,0,0,0,0,0,0
1698,1751,0,0,0,0,0,0,1,0,0,0,0,0,0,0,0,0,0,0,0,0
1699,1752,0,0,0,0,0,0,1,0,0,1,1,0,0,0,0,0,0,0,0,0
1700,1753,0,0,0,1,0,0,0,0,0,0,0,0,0,0,0,0,0,1,0,0
1701,1754,1,0,0,0,0,0,0,0,0,0,0,1,0,0,0,1,0,0,0,0
1702,1755,0,0,0,1,0,0,0,0,0,0,0,0,0,0,0,0,0,0,0,0
1703,1756,0,0,0,1,0,0,0,0,0,0,0,0,0,0,0,0,0,0,0,0
1704,1757,0,0,0,0,0,1,0,0,0,0,0,0,1,0,0,0,0,0,0,0
1705,1758,1,1,0,1,0,0,0,0,0,0,0,0,0,0,0,0,0,1,0,0
1706,1759,1,1,0,0,0,0,0,0,0,0,0,0,0,0,0,0,0,0,0,0
1707,1760,1,1,0,0,0,0,0,0,0,0,0,0,0,0,0,0,0,1,0,0
1708,1761,0,0,0,1,0,0,1,1,0,0,0,0,0,0,0,0,0,0,0,0
1709,1762,0,0,0,1,0,0,1,0,0,0,0,0,0,0,0,0,0,0,0,0
1710,1763,0,0,0,0,0,0,1,0,0,0,0,0,0,0,1,0,1,0,0,0
1711,1764,0,0,0,0,1,0,1,0,0,0,1,0,0,0,1,0,0,0,0,0
1712,1765,0,0,0,1,0,0,1,0,0,0,0,0,0,0,1,0,0,0,0,0
1713,1766,0,0,0,1,0,0,1,0,0,0,0,0,0,0,0,0,0,0,0,0
1714,1767,1,0,0,0,0,0,1,0,0,0,0,0,0,0,1,0,0,0,0,0
1715,1769,0,0,0,1,0,0,0,0,0,0,0,0,0,0,1,0,0,0,0,0
1716,1770,0,0,0,0,0,0,1,0,0,0,0,0,0,0,0,0,0,0,0,0
1717,1771,0,0,0,0,0,0,1,0,0,0,0,0,0,0,0,0,0,0,0,0
1718,1772,0,0,1,0,0,0,1,1,1,0,0,0,0,0,1,0,0,0,0,0
1719,1773,1,0,0,0,0,0,0,0,0,0,0,0,0,0,0,1,0,1,0,0
1720,1774,0,0,0,1,0,0,1,0,0,0,0,0,0,0,0,0,0,0,0,0
1721,1775,0,1,0,1,0,0,1,0,0,0,0,0,0,0,0,0,0,0,0,0
1722,1776,0,0,0,1,0,0,1,0,0,0,0,0,0,0,0,0,0,0,0,0
1723,1777,1,0,0,1,0,0,0,0,0,0,0,0,0,0,0,0,0,0,0,0
1724,1778,1,1,0,1,0,0,0,0,0,0,0,0,0,0,0,0,0,0,0,1
1725,1779,0,0,0,0,0,0,1,0,0,0,0,0,0,0,1,0,0,0,0,0
1726,1780,0,0,0,0,1,0,1,0,0,0,0,0,0,0,0,0,0,1,0,0
1727,1781,0,0,0,0,0,0,1,0,0,0,0,0,0,0,0,0,0,1,0,0
1728,1782,0,0,0,0,0,0,0,0,0,0,0,1,0,0,0,0,0,1,0,0
1729,1783,0,0,0,0,1,0,1,0,0,0,0,0,0,0,0,0,0,1,0,0
1730,1784,0,0,0,0,0,0,1,0,0,0,0,0,0,0,0,0,0,0,0,0
1731,1785,1,1,0,1,0,0,0,0,0,0,0,0,0,0,1,0,0,0,0,0
1732,1786,0,0,0,1,0,0,1,0,0,0,0,0,0,0,1,0,0,0,0,0
1733,1787,0,0,0,1,0,0,1,0,0,0,0,0,0,0,1,0,0,0,0,0
1734,1788,0,0,0,0,0,0,1,0,0,0,0,0,0,0,1,0,0,0,0,0
1735,1789,0,0,0,0,0,0,1,0,0,0,0,0,0,0,1,0,0,0,1,0
1736,1790,0,1,0,0,0,0,1,0,0,0,0,0,0,0,0,0,0,0,0,0
1737,1791,0,0,0,1,0,0,1,1,0,0,0,0,0,0,0,0,0,0,0,0
1738,1793,0,0,0,1,0,0,1,0,0,0,0,0,0,0,1,0,0,0,0,0
1739,1794,1,0,0,1,0,0,0,0,0,0,0,0,0,0,1,1,0,1,0,0
1740,1795,0,0,0,1,0,0,1,0,0,0,0,0,0,0,0,0,0,0,0,0
1741,1796,0,0,0,0,0,0,1,0,0,0,0,0,0,0,1,0,0,0,0,0
1742,1797,0,0,0,1,0,0,0,0,0,0,0,0,0,0,1,0,0,0,0,0
1743,1798,0,1,1,0,0,0,0,1,0,0,0,0,0,0,0,0,0,0,0,0
1744,1799,0,0,0,0,1,0,1,0,0,0,0,0,0,0,0,0,0,1,0,0
1745,1800,0,0,0,0,0,0,0,0,0,0,0,0,0,1,0,1,0,1,0,0
1746,1801,1,0,0,1,1,0,0,0,0,0,0,0,0,0,0,0,0,0,0,0
1747,1802,0,0,0,1,0,0,0,1,1,0,0,0,0,0,0,0,0,0,0,0
1748,1803,0,0,0,1,1,0,0,0,0,0,0,0,0,0,1,0,0,0,0,0
1749,1804,0,0,0,0,0,0,1,0,0,0,0,0,0,1,0,0,0,1,0,0
1750,1805,0,0,0,1,0,0,1,0,0,0,0,0,0,0,0,0,0,0,0,0
1751,1806,0,0,0,0,0,0,1,0,0,1,0,0,0,0,0,0,0,0,0,0
1752,1807,0,0,0,1,1,0,1,0,0,0,0,0,0,0,1,0,0,0,0,0
1753,1808,1,1,0,0,0,0,0,0,0,0,0,0,0,0,0,1,0,1,0,0
1754,1809,1,1,0,1,1,0,0,0,0,0,0,0,0,0,0,0,0,1,0,0
1755,1810,0,0,0,1,0,0,1,1,0,0,0,0,0,0,0,0,0,0,0,0
1756,1811,1,1,0,1,0,0,0,0,1,0,0,0,0,0,0,1,0,0,0,0
1757,1812,0,0,0,0,0,0,1,0,0,0,0,0,0,1,0,0,0,1,0,0
1758,1813,0,0,0,0,0,0,1,0,0,0,0,0,0,0,0,0,0,0,0,0
1759,1814,0,0,0,1,0,0,0,0,0,0,0,0,0,0,1,0,0,0,0,0
1760,1815,0,0,0,0,0,0,0,0,0,0,0,1,0,0,0,1,0,0,0,0
1761,1816,1,0,0,0,0,0,1,0,0,0,0,0,0,0,1,0,0,0,1,0
1762,1817,0,0,0,0,0,0,1,0,0,0,0,0,1,0,1,0,0,0,0,0
1763,1818,0,0,0,0,0,0,1,0,0,0,0,0,0,0,0,0,0,0,1,0
1764,1819,0,0,0,0,0,0,1,0,0,0,0,0,0,0,0,0,0,0,0,1
1765,1820,0,0,0,0,0,0,1,0,0,0,0,0,0,0,1,0,0,0,0,0
1766,1821,0,0,0,0,0,0,1,0,0,0,0,0,0,0,0,0,0,0,0,0
1767,1822,0,1,0,0,0,0,1,0,0,0,1,0,0,0,1,0,0,0,0,0
1768,1823,0,0,0,0,0,0,1,0,0,0,0,0,1,0,1,0,0,0,0,0
1769,1824,0,0,0,0,0,0,1,0,0,0,0,0,0,0,0,0,0,0,0,0
1770,1825,0,0,0,1,0,0,0,0,0,0,0,0,0,0,1,0,0,0,0,0
1771,1826,0,0,0,0,0,0,1,0,0,0,0,0,0,0,0,0,0,0,0,0
1772,1827,0,0,0,0,0,0,1,0,0,0,0,0,0,0,1,0,0,0,1,0
1773,1828,0,0,0,1,0,0,1,0,0,0,0,0,1,0,0,0,0,0,0,0
1774,1829,0,0,0,0,0,0,1,0,0,0,0,0,0,0,0,0,0,0,0,0
1775,1830,0,0,0,0,0,0,1,0,0,0,1,0,0,0,1,0,0,0,0,0
1776,1831,0,0,0,0,0,0,1,0,0,0,0,0,0,0,1,0,0,0,0,0
1777,1832,0,0,0,0,0,0,1,0,0,0,0,0,0,0,0,0,0,0,0,0
1778,1833,0,0,0,0,0,0,1,0,0,0,0,0,0,0,0,0,0,0,0,0
1779,1834,1,0,0,0,0,0,1,0,0,0,0,0,0,0,1,0,0,0,0,0
1780,1835,0,0,0,0,0,0,1,0,0,0,0,0,0,0,1,0,0,0,1,0
1781,1836,0,0,0,0,1,0,1,0,0,0,0,0,0,0,0,0,0,0,0,0
1782,1837,0,0,0,0,0,0,1,0,0,0,0,0,0,0,1,0,0,0,0,0
1783,1838,0,0,0,0,1,0,1,0,0,0,0,0,1,0,0,0,0,0,0,0
1784,1839,0,1,0,1,0,0,0,0,0,0,1,0,0,0,1,0,0,0,0,0
1785,1840,0,0,0,0,0,0,1,0,0,0,1,0,0,0,0,0,0,0,0,0
1786,1841,0,0,0,0,1,0,1,0,0,0,0,0,0,1,0,0,0,1,0,0
1787,1842,0,0,0,0,0,0,1,1,0,0,0,0,1,0,0,0,0,0,0,0
1788,1843,0,0,0,0,0,0,1,0,0,0,0,0,0,0,0,0,0,0,0,0
1789,1844,1,0,0,0,1,0,0,0,0,0,0,0,0,0,0,0,0,1,0,0
1790,1845,0,0,0,0,0,0,1,0,0,0,0,0,0,0,0,0,0,0,0,0
1791,1846,0,0,0,0,0,0,1,0,0,0,0,0,0,0,0,0,0,0,0,0
1792,1847,0,0,0,0,0,0,1,0,0,0,0,0,0,0,0,0,0,0,0,0
1793,1848,0,0,0,0,0,0,1,0,0,0,1,0,0,0,0,0,0,0,0,0
1794,1849,0,0,0,1,0,0,1,0,0,0,0,0,0,0,0,0,0,0,0,0
1795,1850,0,0,0,0,0,0,1,0,0,0,0,0,0,0,0,0,0,0,0,0
1796,1851,0,0,0,0,0,0,1,0,0,0,1,0,0,0,0,0,0,0,0,0
1797,1852,0,0,0,0,0,0,1,0,0,0,0,0,0,0,0,0,0,0,0,0
1798,1853,0,0,0,1,0,0,1,0,0,0,0,0,0,0,0,0,0,0,0,0
1799,1854,0,0,0,1,1,0,0,0,0,0,0,0,0,0,0,0,0,0,0,0
1800,1855,0,0,0,0,0,0,0,0,0,0,0,0,0,1,0,0,0,0,0,0
1801,1856,0,0,0,1,1,0,0,0,0,0,0,0,0,0,0,1,0,1,0,0
1802,1857,0,0,0,1,0,0,1,0,0,0,0,0,0,0,0,0,0,0,0,0
1803,1858,0,1,0,0,0,0,0,1,1,0,0,0,0,0,0,0,0,0,0,0
1804,1859,0,0,0,1,0,0,1,0,0,0,0,0,0,0,0,0,0,0,0,0
1805,1860,0,0,0,0,0,0,0,0,0,0,0,1,0,0,0,0,0,0,0,0
1806,1861,0,0,0,0,0,0,0,0,0,0,0,1,0,0,0,0,0,1,0,0
1807,1862,0,0,0,0,0,0,0,0,0,0,0,1,0,0,0,0,0,1,0,0
1808,1863,0,0,0,0,0,0,0,0,0,0,0,1,0,0,0,0,0,1,0,0
1809,1864,0,0,0,1,0,0,0,0,0,0,0,1,0,0,0,0,0,1,0,0
1810,1865,0,0,0,0,0,0,0,0,0,0,0,1,0,0,0,0,0,0,0,0
1811,1866,0,0,0,0,0,0,0,0,0,0,0,1,0,0,0,0,0,1,0,0
1812,1867,0,0,0,0,0,0,0,0,0,0,0,1,0,0,0,0,0,1,0,0
1813,1868,0,0,0,0,0,0,0,0,0,0,0,1,0,0,0,0,0,1,0,0
1814,1869,0,0,0,0,0,0,0,0,0,0,0,1,0,0,0,0,0,1,0,0
1815,1870,0,0,0,0,0,0,0,0,0,0,0,1,0,1,0,0,0,1,0,0
1816,1871,0,0,0,0,0,0,0,0,0,0,0,1,0,0,0,0,0,1,0,0
1817,1872,0,0,0,0,0,0,0,0,0,0,0,1,0,0,0,0,0,1,0,0
1818,1873,0,0,0,0,0,0,0,0,0,0,0,1,0,0,0,0,0,1,0,0
1819,1874,0,0,0,0,0,0,0,0,0,0,0,1,0,0,0,0,0,1,0,0
1820,1875,0,0,0,0,0,0,0,0,0,0,0,1,0,1,0,1,0,0,0,0
1821,1876,0,0,0,0,0,0,0,0,0,0,0,1,0,0,0,0,0,1,0,0
1822,1877,0,0,0,0,0,0,0,0,0,0,0,1,0,0,0,0,0,1,0,0
1823,1878,0,0,0,0,0,0,0,0,0,0,0,1,0,1,0,0,0,1,0,0
1824,1879,0,0,0,0,0,0,0,0,0,0,0,1,0,0,0,0,0,0,0,0
1825,1880,0,0,0,1,0,0,0,0,0,0,0,1,0,0,0,0,0,1,0,0
1826,1881,0,0,0,0,0,0,0,0,0,0,0,1,0,0,0,0,0,0,0,0
1827,1882,0,0,0,0,0,0,0,0,0,0,0,1,0,0,0,0,0,1,0,0
1828,1883,0,0,0,0,0,0,1,0,0,0,0,1,0,0,0,0,0,0,0,0
1829,1884,1,0,0,0,0,0,0,0,0,0,0,1,0,0,0,0,0,1,0,0
1830,1885,0,0,0,0,0,0,0,0,0,0,0,1,0,0,0,0,0,0,0,0
1831,1886,0,0,0,0,0,0,0,0,0,0,0,1,0,0,0,0,0,1,0,0
1832,1887,0,0,0,0,0,0,0,0,0,0,0,1,0,0,0,0,0,1,0,0
1833,1888,0,0,0,0,0,0,1,0,0,0,0,1,0,0,0,0,0,1,0,0
1834,1889,0,0,0,0,0,0,0,0,1,0,0,1,0,0,0,0,0,1,0,0
1835,1890,0,0,0,0,0,0,0,0,0,0,0,1,0,1,0,0,0,1,0,0
1836,1891,1,1,0,1,1,0,0,0,0,0,0,0,0,0,0,0,0,1,0,0
1837,1892,1,1,0,1,1,0,0,0,0,0,0,0,0,0,0,0,0,1,0,0
1838,1893,1,1,0,1,1,0,0,0,0,0,0,0,0,0,0,0,0,1,0,0
1839,1894,0,0,0,1,0,0,0,0,1,0,0,1,0,0,0,0,0,0,0,0
1840,1895,0,0,0,1,0,0,0,0,1,0,0,1,0,0,0,0,0,0,0,0
1841,1896,0,1,0,1,0,0,0,1,0,0,0,0,0,0,0,0,0,0,0,0
1842,1897,1,1,0,0,0,0,0,0,0,0,0,0,0,0,0,0,0,0,0,0
1843,1898,0,0,0,1,0,0,1,0,0,0,0,0,0,0,0,0,0,0,0,0
1844,1899,0,0,0,0,1,0,1,0,0,0,0,0,0,0,0,0,0,1,0,0
1845,1900,0,0,0,0,0,0,0,0,0,0,0,0,0,1,0,1,0,1,0,0
1846,1901,0,0,0,0,0,0,1,0,0,0,0,0,0,0,0,1,0,0,0,0
1847,1902,0,1,0,1,0,0,0,1,0,0,0,0,0,0,0,1,0,0,0,0
1848,1903,0,1,0,1,0,0,0,1,0,0,0,0,0,0,0,1,0,0,0,0
1849,1904,1,1,0,0,0,0,0,0,0,0,0,0,0,0,0,0,0,0,0,0
1850,1905,0,0,0,1,0,0,0,1,1,0,0,0,0,0,0,0,0,0,0,0
1851,1906,0,0,0,1,0,0,0,1,0,0,0,0,0,0,0,1,0,0,0,0
1852,1907,0,0,0,1,0,0,0,1,0,0,0,0,0,0,0,0,0,0,0,1
1853,1908,0,0,0,0,0,0,0,1,1,0,0,0,0,0,0,1,0,0,0,0
1854,1909,0,0,1,0,0,0,1,1,0,0,0,0,0,0,0,0,0,0,0,0
1855,1910,1,0,0,0,0,0,1,0,0,0,0,0,0,0,0,0,0,0,0,0
1856,1911,0,0,0,0,0,0,1,0,0,0,0,0,0,0,1,0,0,0,0,0
1857,1912,1,1,0,0,0,0,0,0,0,0,0,0,0,0,0,1,0,0,0,0
1858,1913,0,0,0,0,0,0,1,0,0,0,0,0,0,0,0,0,0,0,0,0
1859,1914,0,0,0,0,1,0,1,0,0,0,0,0,0,0,0,0,0,1,0,0
1860,1915,0,0,0,0,0,0,1,0,0,0,0,0,0,1,0,0,0,0,0,0
1861,1916,0,0,0,0,0,0,1,0,0,0,0,0,0,0,1,0,0,0,0,0
1862,1917,0,0,0,0,0,0,0,0,0,0,0,1,0,1,0,1,0,0,0,0
1863,1918,0,0,0,1,1,0,0,0,0,0,0,0,0,0,0,0,0,0,0,0
1864,1919,0,0,0,0,0,0,1,0,0,0,1,0,0,0,0,0,0,0,1,0
1865,1920,0,0,0,1,0,0,0,0,0,0,0,0,0,0,1,0,0,0,0,0
1866,1921,0,0,0,0,0,0,1,0,0,0,0,0,0,0,0,0,0,0,0,0
1867,1922,0,0,0,1,0,0,0,1,0,0,0,0,0,0,0,0,0,0,0,0
1868,1923,0,0,0,1,0,0,0,1,0,0,0,0,0,0,0,0,0,0,0,0
1869,1924,0,0,1,0,0,0,0,0,0,0,0,0,0,0,0,0,0,0,0,0
1870,1925,1,1,0,0,0,0,0,1,0,0,0,0,0,0,0,1,0,0,0,0
1871,1926,0,0,0,1,0,0,0,1,1,0,0,0,0,0,0,0,0,0,0,0
1872,1927,0,0,0,1,0,0,0,1,0,0,0,0,0,0,0,0,0,0,0,0
1873,1928,0,0,0,0,0,0,0,1,0,0,0,0,0,0,0,0,0,0,0,0
1874,1929,0,0,0,1,0,0,0,1,0,0,0,0,0,0,0,1,0,0,0,0
1875,1930,0,0,0,0,0,0,1,1,0,0,0,0,0,0,0,0,0,0,0,0
1876,1931,0,0,0,1,0,0,0,1,0,0,0,0,0,0,0,0,0,0,0,0
1877,1932,1,1,0,1,0,0,0,0,0,0,0,0,0,0,0,0,0,0,0,0
1878,1933,1,0,0,1,0,0,1,1,0,0,0,0,0,0,0,0,0,0,0,0
1879,1934,0,1,0,0,0,0,0,1,1,0,0,0,0,0,0,1,0,0,0,0
1880,1935,0,0,0,1,0,0,0,1,1,0,0,0,0,0,0,1,0,0,0,0
1881,1936,0,1,0,0,0,0,1,0,0,0,0,0,0,0,0,0,0,0,0,0
1882,1937,0,1,0,0,0,0,0,1,0,0,0,0,0,0,0,1,0,0,0,0
1883,1938,0,0,0,1,0,0,0,1,1,0,0,0,0,0,0,0,0,0,0,0
1884,1939,0,0,1,1,0,0,0,1,0,0,0,0,0,0,0,0,0,0,0,0
1885,1940,0,0,0,1,0,0,1,1,0,0,0,0,1,0,0,0,0,0,0,0
1886,1941,0,1,0,1,0,0,0,1,1,0,0,0,0,0,0,0,0,0,0,0
1887,1942,1,1,0,1,0,0,0,1,0,0,0,0,0,0,1,0,0,0,0,0
1888,1943,0,0,0,1,0,0,0,1,1,0,0,0,0,0,0,0,0,0,0,0
1889,1944,0,1,0,1,0,0,0,1,0,0,0,0,0,0,0,1,0,0,0,0
1890,1945,0,1,0,1,0,0,0,1,0,0,0,0,0,0,0,1,0,0,0,0
1891,1946,1,0,0,1,0,0,0,1,0,0,0,0,0,0,0,0,0,0,0,1
1892,1947,1,1,0,0,0,0,1,1,0,0,0,0,0,0,0,0,0,0,0,0
1893,1948,0,1,0,0,0,0,0,1,0,0,0,0,0,0,0,0,0,0,0,0
1894,1949,1,1,0,0,1,0,1,0,0,0,0,0,0,1,0,0,0,1,0,0
1895,1950,0,0,0,1,0,0,1,1,0,0,0,0,0,0,0,0,0,0,0,0
1896,1951,0,0,0,1,0,0,0,0,0,0,0,0,0,0,0,0,0,0,0,0
1897,1952,0,0,0,0,0,1,0,0,0,0,0,0,0,0,0,0,0,0,0,0
1898,1953,0,0,0,0,0,0,1,0,0,0,0,0,0,0,1,0,0,0,0,0
1899,1954,0,0,0,0,0,0,1,0,0,0,0,0,0,0,0,0,0,0,0,0
1900,1955,0,0,0,0,0,1,0,0,0,0,1,0,0,0,0,0,0,0,0,0
1901,1956,0,0,0,1,0,0,0,0,1,0,0,0,0,0,1,0,0,0,0,0
1902,1957,0,0,0,0,0,0,1,0,0,0,0,0,0,1,0,0,0,1,0,0
1903,1958,0,0,0,0,0,0,1,0,0,0,0,0,0,0,1,0,0,0,1,0
1904,1959,0,0,0,0,0,0,1,0,1,0,0,0,0,1,0,0,0,0,0,0
1905,1960,0,0,0,0,0,0,1,0,0,0,0,0,0,0,0,0,0,0,0,0
1906,1961,0,0,0,0,0,0,1,0,0,0,0,0,1,0,1,0,0,0,0,0
1907,1962,0,0,0,0,0,0,1,0,0,0,0,0,0,0,0,0,0,0,0,0
1908,1963,0,0,0,1,0,0,0,0,0,0,0,1,0,0,0,0,0,1,0,0
1909,1964,0,0,0,1,0,0,1,0,0,0,0,0,0,0,0,0,0,0,0,0
1910,1965,0,0,0,0,0,0,1,0,0,0,0,0,0,0,0,0,0,0,0,0
1911,1966,0,0,0,0,0,0,1,0,0,0,0,0,0,0,0,0,0,0,0,0
1912,1967,0,0,0,0,1,0,1,0,0,0,0,0,0,1,0,0,0,1,0,0
1913,1968,0,1,0,0,0,0,0,0,0,0,0,0,0,0,0,0,0,0,0,0
1914,1969,0,1,1,0,0,0,0,1,0,0,0,0,0,0,0,0,0,0,0,0
1915,1970,1,1,0,0,0,0,1,1,0,0,0,0,0,0,0,0,0,0,0,0
1916,1971,0,0,1,0,0,0,0,1,0,0,0,0,0,0,0,0,0,0,0,0
1917,1972,0,0,1,0,0,0,0,1,0,0,0,0,0,0,0,0,0,0,0,0
1918,1973,0,0,0,1,0,0,0,1,0,0,0,0,0,0,0,0,0,0,0,0
1919,1974,0,0,0,1,0,0,1,1,1,0,0,0,0,0,0,0,0,0,0,0
1920,1975,0,0,0,0,0,0,1,1,0,0,0,0,1,0,0,0,0,0,0,0
1921,1976,0,1,1,1,0,0,0,1,0,0,0,0,0,0,0,0,0,0,0,0
1922,1977,0,0,0,0,0,0,0,1,1,0,0,0,0,0,0,0,0,0,0,0
1923,1978,0,1,1,0,0,0,0,1,1,0,0,0,1,0,0,0,0,0,0,0
1924,1979,1,1,0,1,0,0,0,1,0,0,0,0,1,0,0,0,0,0,0,0
1925,1980,0,1,1,0,1,0,0,1,1,0,0,0,0,0,0,0,0,0,0,0
1926,1981,0,1,1,0,0,0,0,1,1,0,0,0,0,0,0,0,0,0,0,0
1927,1982,0,1,0,0,0,0,0,1,1,0,0,0,0,0,0,1,0,0,0,0
1928,1983,0,1,1,0,0,0,0,1,0,0,0,0,0,0,1,0,0,0,0,0
1929,1984,0,1,0,0,0,0,0,1,1,0,0,0,0,0,0,0,0,0,0,0
1930,1985,1,1,0,0,0,0,0,1,0,0,0,0,0,0,0,1,0,0,0,0
1931,1986,0,0,0,1,0,0,0,1,0,0,0,0,0,0,0,0,0,0,0,0
1932,1987,0,0,1,0,0,0,0,1,1,0,0,0,0,0,1,0,0,0,0,0
1933,1988,0,0,0,0,0,0,0,0,1,0,0,0,0,1,0,0,0,1,0,0
1934,1989,0,0,0,1,0,0,0,1,0,0,0,0,0,0,1,0,0,0,0,0
1935,1990,0,0,0,0,0,0,0,1,0,0,0,0,1,0,0,0,0,0,0,0
1936,1991,0,0,0,1,0,0,0,0,1,0,0,0,0,0,1,0,0,0,0,0
1937,1992,0,0,0,0,0,0,1,1,0,0,0,0,0,0,0,0,0,0,0,0
1938,1993,0,0,1,0,0,0,0,0,0,0,0,0,0,0,0,0,0,0,0,0
1939,1994,0,1,0,0,0,0,0,0,0,0,0,0,0,0,0,0,0,0,0,0
1940,1995,0,0,0,0,0,0,1,0,0,0,0,0,0,0,0,0,0,0,0,0
1941,1996,1,1,0,0,0,0,0,0,0,0,0,0,0,0,0,1,0,0,0,0
1942,1997,0,0,0,0,0,0,1,0,0,0,0,0,1,0,0,0,0,0,0,0
1943,1998,0,0,0,0,0,0,0,0,0,0,0,1,0,0,0,0,0,1,0,0
1944,1999,0,0,0,1,0,0,1,0,1,0,0,0,0,0,1,0,0,0,0,0
1945,2000,0,0,0,1,0,0,0,0,0,0,0,0,0,0,0,0,0,0,0,0
1946,2001,0,0,0,1,0,0,0,0,0,0,0,0,0,1,0,0,0,0,0,0
1947,2002,0,0,0,1,0,0,0,0,0,0,0,0,0,0,1,1,0,0,0,0
1948,2003,0,0,0,0,0,0,1,0,0,0,0,0,0,0,0,0,0,0,0,0
1949,2004,0,0,0,0,0,0,1,0,0,0,0,1,0,0,0,0,0,0,0,0
1950,2005,0,0,0,0,1,0,1,0,0,0,0,0,0,0,0,0,0,0,0,0
1951,2006,1,1,0,0,0,0,0,0,0,0,0,0,0,0,0,0,0,0,0,0
1952,2007,0,1,1,0,0,0,1,0,1,0,0,0,0,0,0,0,0,0,0,0
1953,2008,0,0,0,0,0,0,1,0,0,0,0,0,0,0,1,1,0,0,0,0
1954,2009,0,0,0,0,0,0,0,0,0,0,0,1,0,0,0,1,0,1,0,0
1955,2010,1,0,0,0,0,0,1,0,0,0,0,1,0,0,0,1,0,0,0,0
1956,2011,0,0,0,0,0,0,1,0,0,0,0,1,0,0,0,0,0,0,0,0
1957,2012,0,0,0,0,0,0,0,0,0,0,0,1,0,0,0,0,0,1,0,0
1958,2013,0,0,0,0,0,0,1,0,1,0,0,1,0,0,0,0,0,1,0,0
1959,2014,0,0,1,1,0,0,1,1,1,0,0,0,0,0,0,0,0,0,0,0
1960,2015,0,0,0,1,0,0,0,0,1,0,0,1,0,0,0,0,0,0,0,0
1961,2016,0,0,0,1,0,0,1,0,0,0,0,0,0,0,1,0,0,0,0,0
1962,2017,0,0,0,0,1,0,0,0,0,0,0,0,0,1,0,0,0,0,0,0
1963,2018,0,0,0,0,0,0,1,0,0,0,0,0,0,0,0,0,0,0,0,0
1964,2019,0,0,0,1,1,0,0,0,0,0,0,0,0,0,0,0,0,0,0,0
1965,2020,0,0,0,0,0,1,0,0,0,1,0,0,0,0,0,0,0,0,0,0
1966,2021,0,0,0,0,1,0,1,0,0,0,0,0,0,0,1,0,0,0,0,0
1967,2022,0,0,0,0,0,0,1,0,0,0,0,0,1,0,0,0,0,0,0,0
1968,2023,0,0,0,0,0,0,1,0,0,0,0,0,0,0,0,0,0,0,0,0
1969,2024,0,1,0,1,1,0,0,0,0,0,0,0,0,0,0,0,0,1,0,0
1970,2025,0,0,0,1,0,0,0,0,1,0,0,0,0,0,1,0,0,0,0,0
1971,2026,0,1,0,1,0,0,0,1,1,0,0,0,1,0,1,0,0,0,0,0
1972,2027,0,0,0,1,0,0,0,1,0,0,0,0,0,0,1,1,0,0,0,0
1973,2028,0,0,1,0,0,0,1,1,0,0,0,0,0,0,0,0,0,0,0,0
1974,2029,0,1,1,0,0,0,1,0,0,0,0,0,0,0,0,0,0,0,0,0
1975,2030,0,0,1,0,0,0,1,1,1,0,0,0,0,0,0,0,0,0,0,0
1976,2031,0,0,0,0,0,0,0,0,1,0,0,0,0,0,0,0,0,0,0,0
1977,2032,0,1,1,0,0,0,1,1,0,0,0,0,0,0,0,0,0,0,0,0
1978,2033,0,1,1,0,0,0,0,1,0,0,0,0,0,0,0,0,0,0,0,0
1979,2034,0,1,0,0,0,0,0,0,1,0,0,0,0,0,0,0,0,0,0,0
1980,2035,0,0,0,1,0,0,0,0,0,0,0,0,0,0,1,0,0,0,0,0
1981,2036,0,0,0,1,0,0,0,0,0,0,0,0,0,0,0,0,0,0,0,0
1982,2037,0,0,0,0,0,0,1,0,0,0,0,0,0,0,1,0,0,0,0,0
1983,2038,0,1,0,0,0,0,1,0,0,0,0,0,0,0,0,0,0,0,0,0
1984,2039,0,0,0,1,0,0,0,0,0,0,0,1,0,0,0,0,0,0,0,0
1985,2040,0,0,0,1,0,0,0,0,1,0,0,1,0,0,0,0,0,0,0,0
1986,2041,1,0,0,1,0,0,0,0,0,0,0,0,0,0,0,0,0,0,0,0
1987,2042,1,0,0,1,0,0,0,0,0,0,0,0,0,0,0,0,0,0,0,0
1988,2043,0,0,0,1,0,0,0,1,0,0,0,0,0,0,0,0,0,0,0,0
1989,2044,0,0,0,0,0,0,0,0,0,0,0,0,0,0,0,0,0,1,0,0
1990,2045,0,0,0,1,0,0,1,0,0,0,0,0,0,0,1,0,0,0,0,0
1991,2046,0,0,0,1,0,0,1,0,0,0,0,0,0,0,0,0,0,0,0,0
1992,2048,0,0,0,0,0,0,1,0,0,0,0,0,0,0,0,0,0,0,0,0
1993,2049,0,0,0,0,1,0,0,0,0,0,0,1,0,0,0,0,0,1,0,0
1994,2050,0,0,0,0,1,0,1,0,0,0,0,1,0,0,0,0,0,1,0,0
1995,2051,0,0,0,0,0,0,1,0,0,0,0,1,0,1,0,0,0,0,0,0
1996,2052,0,1,0,0,0,0,1,1,1,0,0,0,0,0,0,0,0,0,0,0
1997,2053,0,1,0,0,0,0,1,1,1,0,0,0,0,0,0,0,0,0,0,0
1998,2054,0,0,0,1,0,0,0,0,0,0,0,1,0,0,0,1,0,0,0,0
1999,2055,0,0,0,0,0,0,0,0,0,0,0,1,0,0,0,1,0,0,0,0
